three.s.01:3 1
zero.s.01:0 1
be.v.05:wa 204
begin.v.08:beginning 2
get.n.01:get 17
identical.s.02:very 50
tire.v.02:tire 2
ride.v.01:sitting 1
by.r.01:by 51
sister.n.02:sister 5
on.r.03:on 181
bank.n.07:bank 1
suffer.v.02:have 83
nothing.r.01:nothing 21
practice.v.01:do 53
once.r.03:once 31
operating_room.n.01:or 16
doubly.r.01:twice 3
peep.v.04:peep 3
script.n.01:book 6
sister.n.03:sister 5
be.v.12:wa 10
take.v.06:reading 1
merely.r.01:but 133
information_technology.n.01:it 584
have.v.01:have 14
no.r.02:no 16
photograph.n.01:picture 2
oregon.n.01:or 60
conversation.n.01:conversation 11
indium.n.01:in 291
be.v.01:be 48
habit.n.02:use 10
deoxyadenosine_monophosphate.n.01:a 534
record.n.05:book 1
think.v.03:thought 17
washington.n.02:wa 89
consider.v.03:consider 1
own.v.01:own 5
mind.v.06:mind 3
vitamin_a.n.01:as 32
well.r.01:well 7
hot.s.18:hot 4
sidereal_day.n.01:day 28
make.v.38:make 11
spirit.n.02:feel 5
sleepy.s.01:sleepy 5
stupid.n.01:stupid 1
pleasure.n.05:pleasure 1
qualification.n.01:making 2
daisy.n.01:daisy 2
range.n.04:chain 1
worth.n.03:worth 1
worry.n.02:trouble 1
grow.v.08:getting 3
up.s.08:up 67
peck.v.01:picking 1
suddenly.r.01:suddenly 9
vitamin_a.n.01:a 26
pinko.n.01:pink 1
eye.n.05:eyes 9
run.v.33:run 2
conclude.v.04:close 7
so.r.02:so 2
remarkable.s.01:remarkable 1
suffice.v.01:do 33
think.v.11:think 8
much.r.01:much 8
out.s.04:out 86
way.r.01:way 16
learn.v.02:hear 5
say.n.01:say 30
beloved.n.01:dear 3
lamb.n.04:dear 20
exist.v.01:be 67
late.a.06:late 2
think.v.12:thought 27
all_over.r.01:over 19
subsequently.r.01:afterwards 2
occur.v.03:occur 2
take.v.35:have 78
wonder.v.01:wonder 6
at.n.02:at 129
time.v.05:time 48
wholly.r.01:all 125
seem.v.04:seem 17
quite.r.04:quite 15
natural.n.03:natural 1
actually.r.03:actually 1
search.v.02:look 7
then.s.01:then 53
rush.v.04:hurry 2
begin.v.08:start 2
foot.n.02:foot 2
flash.v.04:flash 1
across.r.01:across 5
mind.n.01:mind 2
induce.v.02:have 56
never.r.01:never 17
ahead.r.01:before 22
witness.v.02:see 2
lapin.n.01:rabbit 3
either.r.01:either 9
vest.n.01:waistcoat 1
pouch.n.03:pocket 2
watch.v.03:watch 1
take.v.34:take 16
combustion.n.01:burning 1
curiosity.n.01:curiosity 5
scat.v.01:run 7
field.n.05:field 1
subsequently.r.01:after 26
fortunately.r.01:fortunately 1
equitable.a.01:just 16
time.n.02:time 9
visit.v.01:see 41
pop_music.n.01:pop 1
down.v.04:down 43
large.s.02:large 11
hole.v.01:hole 3
under.r.06:under 7
hedge.v.03:hedge 3
another.s.01:another 22
moment.n.06:moment 31
toss_off.v.02:down 26
go.v.03:go 4
never.r.02:never 25
view.v.02:consider 3
in.r.01:in 48
global.s.01:world 3
get_down.v.07:get 4
again.r.01:again 83
rabbit.n.01:rabbit 1
hole.n.03:hole 1
sound.v.02:go 9
straightaway.n.01:straight 2
like.n.02:like 15
burrow.n.01:tunnel 1
some.s.04:some 15
way.n.11:way 35
dunk.v.01:dip 1
down.v.05:down 24
therefore.r.01:so 41
not.r.01:not 318
angstrom.n.01:a 53
think.v.03:think 28
about.r.05:about 18
stopping.n.02:stopping 1
earlier.r.01:before 14
rule.v.04:found 8
hang.v.05:fall 2
very.s.01:very 58
deeply.r.02:deep 1
well.v.01:well 18
well.r.04:well 2
very.r.01:very 11
deep.s.04:deep 1
fell.n.02:fell 3
slowly.r.01:slowly 7
hold.v.03:have 7
enough.r.01:plenty 1
deoxyadenosine_monophosphate.n.01:as 65
die.v.01:go 10
expect.v.03:look 24
about.r.04:about 8
wonder.n.02:wonder 8
embody.v.02:wa 26
plump.v.04:going 2
happen.v.03:happen 6
next.r.01:next 27
try_on.v.01:try 16
make.v.08:make 12
come_out_of_the_closet.v.01:out 5
occur.v.02:coming 1
excessively.r.01:too 24
night.n.01:dark 3
astatine.n.01:at 73
side.n.07:side 2
well.n.04:well 7
notice.v.04:notice 8
filled.a.02:fill 1
cupboard.n.01:cupboard 2
reserve.v.04:book 2
shelve.v.02:shelf 1
here.s.01:here 19
there.r.03:there 51
see.v.17:saw 2
map.v.06:map 1
movie.n.01:picture 1
hang.v.14:hang 1
peg.n.06:peg 1
choose.v.01:take 1
down.s.02:down 1
jar.n.02:jar 2
one.s.02:one 11
shelf.n.01:shelf 1
pass.v.22:pass 1
tag.v.01:label 1
great.s.03:great 28
disappointment.n.02:disappointment 1
evacuate.v.05:empty 1
cause.v.01:do 52
wish.v.02:like 39
drop.v.01:drop 1
fear.v.03:fear 1
kill.v.07:killing 1
person.n.01:somebody 5
wangle.v.01:manage 2
put_option.n.02:put 19
one.s.03:one 43
precipitate.v.03:fell 1
past.n.03:past 3
such.r.01:such 8
arsenic.n.02:as 102
nothing.n.01:nothing 9
tumble.v.09:tumbling 2
stairs.n.01:stairs 2
brave.n.02:brave 1
will.n.03:will 29
all.a.01:all 47
maine.n.01:me 61
home_plate.n.01:home 4
about.s.01:about 22
even.a.03:even 9
descend.v.01:fell 1
off.s.05:off 23
top.v.08:top 1
house.n.09:house 14
probable.a.01:likely 4
truthful.a.01:true 3
fall.v.20:fall 2
occur.v.02:come 14
associate_in_nursing.n.01:an 52
end.v.04:end 1
many.a.01:many 12
nautical_mile.n.02:mile 2
fall.v.21:fall 1
clock_time.n.01:time 4
say.v.08:say 2
loudly.r.01:aloud 5
mustiness.n.01:must 37
contract.v.04:getting 1
somewhere.r.01:somewhere 2
near.s.03:near 7
center.n.14:centre 1
earth.n.05:earth 1
see.v.10:see 4
be.v.03:be 9
four.n.01:four 4
thousand.s.01:thousand 2
sea_mile.n.01:mile 1
think.v.13:think 10
teach.v.01:learn 3
several.s.03:several 3
things.n.01:things 9
kind.n.01:sort 2
moral.n.01:lesson 6
classroom.n.01:schoolroom 1
though.r.01:though 10
well.r.01:good 26
opportunity.n.01:opportunity 8
picture.v.02:showing 1
cognition.n.01:knowledge 3
there.n.01:there 8
no.r.03:no 15
one.s.06:one 20
listen.v.02:listen 8
still.r.01:still 1
practice.v.04:practice 1
over.r.01:over 7
yes.n.01:yes 1
approximately.r.01:about 25
right.n.05:right 6
distance.v.01:distance 5
then.r.03:then 5
own.v.01:have 22
grow.v.08:get 16
mind.n.06:idea 5
equal.v.01:wa 9
thinking.n.01:thought 11
equal.v.01:be 95
nice.s.03:nice 3
thousand.n.01:grand 3
words.n.01:words 15
state.v.01:say 32
get_down.v.07:begin 14
fall.v.01:fall 1
right_field.n.01:right 11
ground.n.09:earth 3
funny_story.n.01:funny 2
appear.v.04:seem 19
semen.n.01:come 8
out.r.02:out 11
people.v.02:people 10
walk.v.10:walk 8
steer.v.01:head 3
downward.s.02:downward 1
rather.r.01:rather 23
gladiolus.n.01:glad 10
one.n.01:one 4
listening.n.01:listening 3
serve.v.09:do 29
phone.n.02:sound 1
right.a.07:right 1
son.n.02:word 3
ask.v.07:ask 12
name.v.02:name 5
nation.n.02:country 1
acknowledge.v.06:know 6
master_of_arts.n.01:am 7
test.v.01:try 6
curtsy.v.01:curtsey 1
spoke.n.01:spoke 9
fondness.n.01:fancy 3
equal.v.01:are 5
fall.v.32:fall 1
through.r.05:through 9
atmosphere.n.03:air 13
wield.v.02:manage 3
ignorant.s.03:ignorant 1
fiddling.s.01:little 48
girlfriend.n.02:girl 7
bequeath.v.01:will 30
ask.v.02:asking 1
possibly.r.01:perhaps 14
watch.v.03:see 11
written.a.02:write 3
soon.r.01:soon 24
begin.v.10:begin 34
talk.v.02:talking 15
miss.v.09:miss 1
a_lot.r.01:much 3
nox.n.01:night 1
vomit.v.01:cat 3
hope.n.06:hope 1
commemorate.v.02:remember 7
saucer.n.02:saucer 1
milk.n.03:milk 1
tea.n.05:tea 13
dearly.r.03:dear 1
wish.v.05:wish 10
be.v.10:be 1
be.v.10:are 1
nobelium.n.01:no 19
mouse.n.04:mouse 4
air.n.01:air 1
thousand.n.01:m 22
afraid.s.04:afraid 12
might.n.01:might 28
catch.v.01:catch 2
cream.v.02:bat 3
mouse.v.02:mouse 7
know.v.02:know 22
kat.n.01:cat 9
eat.v.02:eat 7
squash_racket.n.01:bat 2
go.v.10:go 8
saying.n.01:saying 4
dreamy.s.01:dreamy 1
sort.n.03:sort 14
big_cat.n.01:cat 4
feed.v.06:eat 4
sometimes.r.01:sometimes 5
guy.n.01:cat 2
suffice.v.01:answer 4
question.v.03:question 13
do.v.08:do 3
much.r.04:much 26
matter.n.03:matter 4
put.v.01:put 10
feel.v.07:felt 11
snooze.v.01:doze 2
murder.v.01:off 16
dream.v.01:dream 2
walk.v.07:walking 1
hand.n.09:hand 3
order.v.01:saying 5
seriously.r.01:earnestly 2
tell.n.01:tell 21
truth.n.05:truth 1
ever.r.03:ever 7
bat.v.04:bat 2
thump.n.02:thump 2
hail.v.02:come 11
pile.n.01:heap 1
stick.n.03:stick 4
dry.v.01:dry 4
leaf.n.01:leaf 1
drop.n.06:fall 1
be.v.01:wa 6
over.r.03:over 4
bit.n.11:bit 4
suffer.v.06:hurt 1
jump.v.03:jump 1
up.r.05:up 3
foot.n.08:foot 4
front.v.01:look 16
viewgraph.n.01:overhead 1
long.a.06:long 10
passing.n.03:passage 2
still.n.03:still 6
spy.v.03:sight 3
travel_rapidly.v.01:hurrying 1
be.v.05:be 78
suffer.v.11:lost 1
away.s.03:away 1
wind_instrument.n.01:wind 1
hear.v.03:hear 7
pronounce.v.01:say 42
turn.v.10:turn 1
corner.v.03:corner 2
ear.n.05:ear 2
bewhisker.v.01:whiskers 2
suffer.v.02:getting 7
buttocks.n.01:behind 8
turn.v.06:turn 3
corner.n.01:corner 1
no.r.01:no 15
farseeing.s.02:longer 1
find.v.13:found 3
long.a.05:long 1
moo.v.01:low 5
hall.n.06:hall 1
literature.n.02:lit 1
up.s.05:up 2
row.n.01:row 1
lamp.n.02:lamp 1
hanging.n.02:hanging 1
roof.v.01:roof 4
doorway.n.01:door 31
round.n.11:round 17
mansion.n.02:hall 5
lock.v.09:lock 4
english.n.04:side 16
other.a.01:other 6
judge.v.05:try 13
every.s.01:every 2
walk.v.05:walk 1
sadly.r.02:sadly 5
middle.v.01:middle 4
always.r.01:ever 13
pay_back.v.02:get 6
trey.n.02:three 20
legged.a.01:legged 2
table.n.05:table 11
make.v.14:make 5
solid.s.12:solid 1
methamphetamine.n.01:glass 7
exclude.v.01:except 3
bantam.s.01:tiny 4
golden.s.02:golden 5
key.n.07:key 3
first_gear.n.01:first 10
belong.v.01:belong 2
door.n.01:door 1
manor_hall.n.01:hall 2
ala.n.01:ala 1
samara.n.01:key 1
modest.s.02:small 3
any.r.01:any 36
rate.v.03:rate 4
open.v.11:open 11
second_base.n.02:second 3
curtain.n.01:curtain 1
comment.v.01:notice 1
behind.s.01:behind 3
little.s.08:little 69
fifteen.n.01:fifteen 1
inch.n.01:inch 4
high_gear.n.01:high 3
golden.s.06:golden 2
key.n.01:key 2
delight.v.02:delight 1
fitted.a.01:fit 1
light-emitting_diode.n.01:led 3
small.r.01:small 3
enactment.n.01:passage 1
large.s.06:larger 5
rat.v.04:rat 2
kneel.v.01:kneel 2
look.v.03:look 3
along.r.05:along 6
passage.n.07:passage 1
lovely.s.01:lovely 3
garden.v.01:garden 12
see.v.10:saw 3
hanker.v.01:long 2
get.v.01:get 7
hall.n.10:hall 1
roll.v.12:wander 1
bed.n.01:bed 1
bright.s.05:bright 6
flower.n.03:flower 3
cool.v.01:cool 1
spring.n.03:fountain 2
head.v.09:head 10
doorway.n.01:doorway 1
read/write_head.n.01:head 8
rifle.v.02:go 26
through.s.02:through 2
poor_people.n.01:poor 10
shoulder.v.02:shoulder 4
exclude.v.02:shut 3
telescope.n.01:telescope 2
only.r.05:only 23
thus.r.02:so 59
happen.v.02:happen 5
recently.r.01:lately 1
few.a.01:few 7
thing.n.08:things 7
indeed.r.01:indeed 4
very.r.01:really 8
impossible.s.03:impossible 2
wait.n.02:waiting 5
back.r.02:back 11
half.r.01:half 20
hop.v.02:hope 1
find.v.05:find 2
keystone.n.02:key 1
rate.v.02:rate 2
rule.n.12:rule 2
shutting.n.01:shutting 2
people.n.03:people 1
establish.v.08:found 7
bottle.n.02:bottle 9
surely.r.01:certainly 13
aforesaid.s.01:say 138
neck.n.05:neck 5
paper.n.05:paper 2
label.v.01:label 1
beautifully.r.01:beautifully 2
print.v.02:print 1
letter.v.03:letters 1
well.s.03:well 1
wise.n.03:wise 1
go.v.10:going 6
hurry.n.01:hurry 8
will.n.02:will 9
see.v.11:see 2
marked.s.02:mark 1
poison.v.05:poison 2
take.v.06:read 2
several.s.01:several 1
nice.a.01:nice 1
little.s.03:little 2
history.n.04:history 4
child.n.04:child 20
world_health_organization.n.01:who 48
suffer.v.02:get 7
sunburn.v.01:burn 1
consume.v.05:eat 1
wilderness.n.03:wild 2
beast.n.02:beast 3
unpleasant.a.01:unpleasant 2
thing.n.12:things 10
remember.v.07:remember 8
simpleton.n.01:simple 4
rule.n.08:rule 1
friend.n.05:friend 3
have.v.02:have 12
teach.v.02:teach 4
such.s.01:such 32
red.n.02:red 2
poker.n.02:poker 1
burn.n.01:burn 1
handle.n.01:hold 2
edit.v.03:cut 2
finger.n.03:finger 5
profoundly.r.01:deeply 4
knife.n.02:knife 2
normally.r.01:usually 2
shed_blood.v.02:bleed 1
have.v.07:have 20
forget.v.01:forget 6
toast.v.02:drink 1
marked.a.03:mark 2
poison.v.01:poison 1
embody.v.02:be 41
about.r.07:almost 6
certain.a.04:certain 2
disagree.v.02:disagree 1
sooner.r.01:sooner 2
late.s.03:later 1
tag.v.01:mark 1
venture.v.03:venture 2
taste.v.02:taste 1
finding.n.02:finding 1
nice.n.01:nice 2
fact.n.02:fact 8
desegregate.v.01:mix 1
spirit.n.02:flavour 1
cherry.n.02:cherry 1
tart.n.03:tart 7
custard.n.01:custard 1
pine.n.02:pine 1
apple.n.01:apple 1
roast.n.01:roast 1
turkey.n.02:turkey 1
brittle.n.01:toffee 1
blistering.s.03:hot 1
butter.v.01:butter 7
toast.v.02:toast 1
complete.v.01:finish 3
curious.s.03:curious 9
feel.v.07:feeling 1
suppose.v.01:say 119
must.n.01:must 4
like.v.03:like 4
telescope.v.02:telescope 2
indeed.r.02:indeed 11
nowadays.r.01:now 15
ten-spot.n.01:ten 3
edge.v.01:inch 2
high.a.04:high 3
face.v.07:face 7
clear_up.v.04:brighten 2
now.r.04:now 6
right.s.09:right 1
size.v.03:size 12
fit.v.02:going 2
garden.n.02:garden 4
however.r.02:however 3
wait.v.04:wait 7
few.n.01:few 2
minute.n.04:minutes 2
shrivel.v.01:shrink 1
further.r.01:further 1
nervous.a.03:nervous 5
goal.n.01:end 6
know.v.01:know 1
out.n.01:out 3
wholly.r.01:altogether 5
candle.n.02:candle 1
curiosity.n.01:wonder 2
fancy.n.02:fancy 2
fire.n.03:flame 1
candle.v.01:candle 2
like.a.01:like 23
after.r.02:after 11
blow.v.15:blow 1
thing.n.12:thing 28
while.n.01:while 21
rule.v.04:finding 1
more.r.02:more 19
happen.v.04:happen 6
decide.v.01:decide 2
sound.v.02:going 3
unfortunately.r.01:ala 2
inadequate.s.02:poor 8
key.v.03:key 2
survive.v.01:go 16
find.v.05:found 2
possibly.r.02:possibly 3
reach.v.07:reach 3
see.v.17:see 11
quite.r.02:quite 16
plainly.r.02:plainly 1
best.n.03:best 2
climb.n.03:climb 1
up.r.03:up 16
leg.n.01:legs 2
table.n.02:table 1
slippery.s.02:slippery 1
poor.a.02:poor 6
saturday.n.01:sat 6
shout.v.02:cry 14
war_cry.n.01:crying 2
rather.r.02:rather 2
precipitously.r.01:sharply 3
rede.v.02:advise 1
leave.v.06:leave 2
minute.n.04:minute 2
broadly.r.01:generally 2
give.v.37:give 1
advice.n.01:advice 1
rarely.r.01:seldom 1
watch.v.02:follow 3
call_on_the_carpet.v.01:scold 1
badly.r.01:severely 4
bring.v.05:bring 1
tear.v.05:tears 6
eye.n.03:eyes 6
remember.v.04:remember 1
box.v.01:box 2
own.s.01:own 5
ear.n.01:ear 4
cheat_on.v.01:cheat 1
game.n.09:game 11
croquet.v.02:croquet 4
playing.n.02:playing 1
curious.a.02:curious 8
fond.s.03:fond 1
make.v.42:pretending 1
two.n.01:two 21
now.r.03:now 6
make.v.42:pretend 1
deuce.n.04:two 11
hardly.r.02:hardly 11
enough.n.01:enough 18
left.n.01:left 2
estimable.s.02:respectable 1
person.n.03:person 3
eye.n.05:eye 3
hide.n.01:fell 1
glass.n.03:glass 3
box.n.10:box 2
lying.n.01:lying 5
cake.n.03:cake 4
actor's_line.n.01:words 4
be.v.12:be 16
currant.n.03:currant 1
reach.v.07:make 7
mature.v.01:grow 5
can.n.02:can 10
make.v.19:make 6
grow.v.10:grow 3
belittled.s.01:smaller 2
creep.v.03:creep 2
wish.v.02:care 2
eat.v.04:ate 1
sting.v.02:bit 5
anxiously.r.01:anxiously 14
retention.n.01:holding 2
hand.n.08:hand 1
top.n.08:top 2
heading.n.01:head 11
growth.n.01:growing 7
surprise.v.01:surprise 6
find.v.03:find 9
stay.v.01:remain 5
lapp.n.02:same 8
sure.s.08:sure 13
generally.r.02:generally 2
corrode.v.01:eats 1
patty.n.01:cake 2
receive.v.01:have 11
expect.v.05:expect 3
dull.v.05:dull 2
unintelligent.a.01:stupid 1
life.n.03:life 2
go.n.04:go 25
park.n.02:common 1
stage_set.n.01:set 12
work.n.05:work 5
finished.s.03:finish 6
much.r.05:much 11
surprised.a.01:surprise 1
forget.v.03:forget 5
address.v.02:speak 6
opening.n.05:opening 2
large.s.06:large 4
bye.n.01:bye 2
metrical_foot.n.01:foot 15
far.s.04:far 2
shoe.v.01:shoes 4
sprout.v.02:stocking 1
surely.r.01:sure 6
able.s.04:able 1
great.n.01:great 11
deal.v.12:deal 3
far.r.02:far 2
trouble_oneself.v.01:trouble 5
pull_off.v.03:manage 2
best.n.01:best 1
kind.s.02:kind 1
want.v.04:want 6
plump.v.04:go 6
give.v.18:give 2
newfangled.s.01:new 4
pair.v.01:pair 3
boot.v.01:boot 1
every.s.02:every 10
plan.v.01:planning 1
do.v.11:manage 2
carrier.n.11:carrier 1
thought.n.03:thought 14
curious.s.01:funny 1
volition.n.01:will 12
sending.n.01:sending 1
present.v.02:present 1
odd.s.05:odd 1
direction.n.06:direction 1
nonsense.s.01:nonsense 5
thousand.s.01:m 32
then.r.02:then 13
strike.v.11:strike 1
roof.n.03:roof 1
more.r.01:more 21
nine.s.01:nine 1
animal_foot.n.01:foot 2
high.r.04:high 2
take.v.41:take 5
rush.v.03:hurry 1
angstrom.n.01:as 4
lie.v.06:lying 2
one.s.04:one 7
eye.v.01:eye 2
hopeless.s.04:hopeless 1
seat.v.01:sat 3
war_cry.n.01:cry 2
ashamed.a.01:ashamed 2
tell.v.03:tell 6
desquamation.n.01:shedding 1
gallon.n.02:gallon 1
large.n.01:large 10
pool.v.02:pool 8
about.r.07:about 19
four-spot.n.01:four 4
deep.n.01:deep 1
reach.n.03:reaching 1
clock.v.01:time 2
heard.s.01:hear 17
patter.v.02:patter 2
distance.n.06:distance 1
hurriedly.r.01:hastily 16
come.v.05:coming 2
return.v.14:return 1
gorgeously.r.01:splendidly 1
dressed.s.04:dress 1
pair.n.04:pair 3
flannel.n.03:white 1
kid.n.02:kid 5
boxing_glove.n.01:glove 6
hand.n.06:hand 3
winnow.v.01:fan 6
other.s.04:other 26
helium.n.01:he 103
come.v.10:come 4
trot.v.02:trot 1
mutter.n.01:muttering 3
equally.r.01:as 40
come.v.05:come 11
savage.v.02:savage 4
keep.v.07:keep 7
desperate.n.01:desperate 1
fix.v.12:ready 6
help.v.06:help 1
sol.n.03:so 11
near.r.01:near 5
begin.v.07:begin 4
low.r.01:low 10
timid.n.01:timid 3
part.n.11:voice 30
please.r.01:please 2
sir.n.02:sir 5
violently.r.01:violently 4
flatten.v.03:drop 3
egg_white.n.01:white 2
glove.n.02:glove 5
aside.r.02:away 15
iniquity.n.01:darkness 1
unvoiced.a.01:hard 3
remove.v.01:take 1
fit.v.02:go 18
curious.s.01:queer 2
yesterday.r.01:yesterday 1
thing.n.09:things 4
usual.a.01:usual 5
wonder.v.02:wonder 3
changed.s.03:change 5
night.n.07:night 3
same.a.01:same 14
receive.v.02:get 1
good_morning.n.01:morning 1
can.v.01:can 15
remember.v.01:remember 1
feel.v.05:feeling 3
short.a.03:little 2
different.s.03:different 4
puzzle.v.02:puzzle 11
think.v.11:thinking 1
over.n.01:over 7
child.n.02:child 1
know.v.03:know 11
old_age.n.01:age 1
switch.v.03:change 2
haircloth.n.01:hair 4
start.v.09:go 2
long.r.02:long 3
ringlet.n.04:ringlet 2
mine.n.01:mine 1
suffice.v.01:doe 2
ohio.n.01:oh 10
know.n.01:know 6
use.v.06:use 8
time.v.05:times 3
five.n.01:five 1
twelve.n.01:twelve 2
six.n.01:six 1
thirteen.n.01:thirteen 1
seven.n.01:seven 1
dearly.r.02:dear 2
twenty.n.01:twenty 1
rate.v.01:rate 2
doe.n.02:doe 2
signify.v.03:signify 2
let.n.02:let 6
try.v.07:try 6
capital.n.04:capital 4
wrong.v.01:wrong 1
crossbreed.v.01:cross 1
hands.n.01:hands 4
lap.v.03:lap 1
say.v.10:saying 1
example.n.04:lesson 5
reprise.v.01:repeat 11
fathom.v.02:sound 1
gruff.s.02:hoarse 3
strange.a.01:strange 2
crocodile.n.01:crocodile 1
shining.s.01:shining 1
tail.n.03:tail 3
decant.v.01:pour 1
water.n.06:waters 1
scale.v.08:scale 1
cheerfully.r.01:cheerfully 1
grin.v.01:grin 5
neatly.r.01:neatly 2
unfold.v.04:spread 3
claw.v.04:claw 1
welcome.v.02:welcome 1
small.a.01:little 3
pisces.n.02:fish 4
lightly.r.03:gently 2
beamish.s.01:smiling 1
yack.v.01:jaw 1
be.v.05:are 29
eye.n.01:eyes 7
filled.s.01:fill 1
survive.v.01:live 4
jail.n.01:poky 1
house.n.07:house 3
following.s.02:next 1
plaything.n.01:toy 1
play.v.02:play 1
memorize.v.01:learn 7
mind.v.02:mind 1
stay.v.02:stay 5
use.v.03:use 2
putt.n.01:putting 3
lone.s.03:only 19
spirit.n.02:look 19
first_base.n.02:first 30
organism.n.01:being 14
person.n.01:person 1
total.v.01:come 7
till.n.01:till 5
dear.s.02:dear 5
sudden.a.01:sudden 5
outburst.n.02:burst 1
crying.n.01:tears 3
wish.v.02:wish 7
embody.v.02:am 2
tired.a.01:tire 5
embody.v.02:being 3
entirely.r.02:alone 2
order.v.01:say 95
white.n.09:white 3
exist.v.01:wa 3
do.v.03:do 6
small.s.08:small 4
perplex.v.01:get 8
run_low.v.01:go 3
measurement.n.01:measure 1
find.v.03:found 1
closely.r.03:nearly 6
guess.v.04:guess 2
infantry.n.01:foot 5
run.v.03:going 2
shrivel.v.01:shrinking 3
quickly.r.01:rapidly 2
cause.n.01:cause 1
time.n.05:time 2
avoid.v.01:avoid 1
shrink.v.05:shrinking 1
off.r.02:away 7
narrow.n.01:narrow 2
safety_valve.n.01:escape 1
hand.n.06:deal 5
panicky.s.01:frighten 7
transfer.v.06:change 10
find.v.13:find 4
universe.n.01:existence 1
now.r.07:now 8
focal_ratio.n.01:speed 1
embody.v.02:are 19
worse.a.02:worse 3
small.n.02:small 2
declare.v.04:declare 1
bad.n.01:bad 1
slip.v.05:slip 1
splash.v.07:splash 1
kuki.n.01:chin 2
strategic_arms_limitation_talks.n.01:salt 2
water_system.n.02:water 1
inaugural.s.02:first 3
somehow.r.01:somehow 1
fallen.s.02:fall 1
sea.n.01:sea 5
case.n.18:case 1
back.n.07:back 4
aside.r.06:by 3
railway.n.01:railway 2
seaside.n.01:seaside 1
general.s.03:general 1
conclusion.n.05:conclusion 2
wherever.r.01:wherever 2
slide.n.05:coast 1
number.v.06:number 3
washup.n.01:bathing 1
machine.n.01:machine 1
inch.n.01:in 17
sea.n.03:sea 7
some.s.03:some 13
excavation.n.01:digging 2
sandpaper.v.01:sand 1
wooden.s.01:wooden 1
spade.n.02:spade 1
rowing.n.01:row 1
lodging.n.03:lodging 1
station.v.01:station 1
make.v.46:make 1
cry.v.02:weep 1
nine-spot.n.01:nine 3
high.r.02:high 8
say.v.09:say 22
swim.v.05:swim 1
punished.a.01:punish 1
presuppose.v.01:suppose 2
swim.v.04:drown 1
tear.v.02:tears 1
queer.v.02:queer 3
thwart.v.01:queer 7
splash.v.07:splashing 1
pool.n.08:pool 1
off.r.02:off 12
float.v.02:swim 6
nearer.r.01:near 4
walrus.n.01:walrus 1
hippopotamus.n.01:hippopotamus 1
now.r.06:now 6
made.s.01:make 1
skid.v.04:slip 1
like.a.02:like 1
now.r.01:now 6
speak.v.03:speak 1
down.n.05:down 1
here.r.01:here 3
think.v.10:think 1
very.r.02:very 7
talk.v.02:talk 1
there.r.01:there 4
injury.n.01:harm 1
know.v.09:know 44
be.v.05:am 2
swimming.n.01:swimming 2
here.r.03:here 6
speaking.a.01:speaking 3
thing.n.11:thing 8
visualize.v.01:see 5
brother.n.04:brother 1
shiner.n.01:mouse 7
curiously.r.02:inquisitively 1
blink.n.01:wink 1
cause.v.01:doe 6
understand.v.04:understand 5
derive.v.05:come 5
complete.s.05:over 2
history.n.05:history 4
no.a.01:no 4
open.n.01:clear 2
notion.n.04:notion 3
ago.s.01:ago 2
eastern_time.n.01:est 1
milliampere.n.01:ma 1
sentence.v.01:sentence 6
give.v.43:give 3
leap.n.04:leap 1
body_of_water.n.01:water 3
vibration.n.01:quiver 1
fear.n.01:fright 2
solicit.v.01:beg 6
pardon.v.02:pardon 6
hurt.v.05:hurt 1
animal.s.01:animal 2
touch.n.10:feelings 1
shriek.v.01:shrill 1
passionate.a.01:passionate 1
soothing.s.01:soothe 1
tone.n.02:tone 24
oxygen.n.01:o 8
be.v.08:be 8
angry.s.03:angry 3
yet.r.04:yet 7
picture.v.02:show 1
think.v.09:think 1
quietly.r.03:quiet 1
thing.n.09:thing 3
lazily.r.01:lazily 1
ride.v.01:sit 6
purr.v.02:purr 1
nicely.r.01:nicely 2
fire.v.06:fire 1
solve.v.01:licking 1
paw.v.01:paw 6
wash.v.03:washing 1
face.v.05:face 5
soft.s.16:soft 1
nanny.n.01:nurse 1
get.v.11:catching 2
bristle.v.04:bristle 1
certain.s.01:certain 1
transgress.v.01:offend 9
talk.v.01:talk 2
cry.v.02:cry 2
shaky.s.02:trembling 6
end.n.08:end 6
tail.n.06:tail 2
talk.n.03:talk 11
subject.n.01:subject 4
syndicate.n.01:family 1
always.r.01:always 5
nasty.s.02:nasty 1
common.s.06:vulgar 1
fond.s.04:fond 3
pawl.n.01:dog 4
answer.n.01:answer 1
eagerly.r.01:eagerly 8
frank.n.02:dog 1
near.s.02:near 2
usher.v.01:show 1
undimmed.a.01:bright 2
eyed.a.01:eye 1
terrier.n.01:terrier 1
sleep_together.v.01:know 5
curly.a.01:curly 1
embrown.v.02:brown 2
fetch.v.03:fetch 2
throw.v.14:throw 4
dinner.n.02:dinner 2
sort.n.04:sort 7
belong_to.v.01:belong 1
farmer.n.02:farmer 1
utilitarian.s.01:useful 2
worth.s.02:worth 1
hundred.s.01:hundred 1
pound.v.08:pound 1
killing.n.02:kill 1
sorrowful.a.01:sorrowful 2
tone.v.03:tone 11
hurt.v.05:offend 1
hard.a.07:hard 1
make.v.42:making 1
quite.r.03:quite 18
commotion.n.02:commotion 1
call.v.05:call 1
piano.r.01:softly 1
spinal_column.n.01:back 7
listen.v.02:hear 14
plow.v.01:turn 5
round_off.v.03:round 11
front.v.01:face 5
be.v.08:wa 4
picket.n.05:pale 3
passion.n.05:passion 1
think.v.10:thought 2
voice.v.01:voice 6
united_states.n.01:us 3
shore.v.01:shore 4
understand.v.01:understand 2
why.n.01:why 13
hate.n.01:hate 2
caterpillar.n.02:cat 6
fourth_dimension.n.01:time 1
catch.v.18:getting 1
crowd.v.02:crowd 5
bird.v.01:bird 5
animal.n.01:animal 4
fall.v.03:fall 3
curious.s.01:curious 3
creature.n.03:creature 14
wholly.r.01:whole 9
party.v.01:party 8
looking.n.02:looking 8
meet.v.07:assemble 2
depository_financial_institution.n.01:bank 1
shuttlecock.n.01:bird 1
bedraggled.s.01:draggle 1
feather.v.02:feather 1
fur.n.03:fur 3
cling.v.01:cling 1
stopping_point.n.01:close 1
soaking.r.01:dripping 1
wet.v.01:wet 2
hybridization.n.01:cross 2
uncomfortable.a.01:uncomfortable 1
interrogate.v.02:question 4
course.n.09:course 3
dry.s.14:dry 1
consultation.n.02:consultation 1
moment.n.01:minutes 5
look.v.02:seem 4
natural.s.04:natural 3
find.v.01:find 1
talk.v.01:talking 1
familiarly.r.01:familiarly 1
know.v.04:know 2
life_sentence.n.01:life 4
long.r.01:long 11
argumentation.n.02:argument 2
last.s.05:last 9
turn.v.26:turn 1
sulky.n.01:sulky 3
elder.s.01:older 2
well.s.03:better 1
allow.v.10:allow 1
know.v.10:knowing 1
old.n.01:old 9
positively.r.02:positively 1
resist.v.05:refuse 1
age.v.01:age 1
last.n.06:last 1
authority.n.01:authority 1
call.v.20:call 1
dry.a.07:dry 2
sit.v.10:sat 3
ring.v.06:ring 2
retain.v.02:keep 3
fix.v.12:fix 1
find.v.05:felt 7
regretful.a.01:bad 1
cold.n.01:cold 1
get.v.14:get 3
significant.a.01:important 4
be.v.01:are 7
quick.s.04:ready 1
dry.s.16:dry 1
thing.n.08:thing 9
turn.n.09:round 9
please.v.02:please 8
induce.v.02:cause 4
favor.v.02:favour 1
pope.n.01:pope 1
submit.v.03:submit 1
leadership.n.02:leaders 1
late.s.03:late 2
accustomed.a.01:accustom 1
usurpation.n.02:usurpation 1
seduction.n.02:conquest 1
earl.n.01:earl 2
tremble.n.01:shiver 1
frowning.s.01:frown 3
politely.r.01:politely 6
talk.v.02:speak 3
idea.n.01:thought 3
proceed.v.04:proceed 2
declare.v.06:declare 2
patriotic.a.01:patriotic 1
archbishop.n.01:archbishop 2
recover.v.01:found 4
advisable.a.01:advisable 2
answer.v.01:reply 29
crossly.r.01:crossly 1
run.v.06:course 12
think_of.v.04:means 2
means.n.01:means 1
recover.v.01:find 4
by_and_large.r.01:generally 3
frog.n.03:frog 1
worm.n.04:worm 1
do.v.11:do 6
notice.v.02:notice 2
hurriedly.r.01:hurriedly 2
travel.v.01:go 7
meet.v.09:meet 2
propose.v.05:offer 2
crown.n.05:crown 1
conduct.v.06:conduct 1
moderate.s.03:moderate 1
crust.n.03:insolence 1
pay_back.v.02:getting 1
stay.v.04:continue 8
turning.n.03:turning 4
black_bile.n.01:melancholy 6
serve.v.09:doe 3
dry.v.02:dry 2
case.v.01:case 2
solemnly.r.01:solemnly 4
surface.v.01:rising 1
move.v.03:move 1
meeting.n.04:meeting 1
adjourn.v.01:adjourn 1
immediate.s.01:immediate 1
adoption.n.02:adoption 1
more.n.01:more 6
energetic.s.02:energetic 1
remedy.v.02:remedy 1
do.n.02:do 28
meaning.n.02:meaning 2
long.s.09:long 4
words.n.03:words 1
think.v.01:believe 5
flex.v.05:bent 1
down.n.02:down 1
hide.n.01:hide 1
smile.n.01:smile 1
some.a.01:some 18
early.s.03:other 8
bird.n.02:bird 5
giggle.v.01:titter 1
audibly.r.01:audibly 1
rifle.v.02:going 2
well.r.07:best 2
uranium.n.01:us 7
race.v.04:race 1
subspecies.n.01:race 1
want.v.03:want 7
pause.v.02:pause 1
tend.v.01:incline 1
well.r.01:best 1
excuse.v.03:explain 5
winter.n.01:winter 1
score.v.02:mark 1
race.v.02:race 1
circle.n.07:circle 1
exact.a.01:exact 1
supreme_headquarters_allied_powers_europe.n.01:shape 1
practice.v.01:doe 4
place.v.16:place 3
path.n.04:course 3
hera.n.01:here 10
three.n.01:three 7
away.s.01:away 1
run.v.11:running 3
easy.s.02:easy 1
slipstream.n.01:race 2
hour.n.03:hour 1
so.r.07:so 2
abruptly.r.01:suddenly 3
call.v.26:call 9
panting.n.02:panting 1
ask.v.05:asking 2
suffer.v.02:ha 1
won.a.01:won 2
answer.n.03:answer 1
iron.v.01:press 1
frontal_bone.n.01:forehead 2
situation.n.02:position 1
visualize.v.01:picture 2
stay.v.01:rest 6
expect.v.03:wait 2
silence.n.02:silence 3
last.n.02:last 12
take.v.35:ha 3
trophy.n.02:prize 4
refrain.n.01:chorus 3
voice.n.10:voice 12
ask.v.05:ask 6
course.n.07:course 1
point.v.12:point 4
push.v.06:crowd 1
predict.v.01:calling 1
confused.s.03:confuse 4
despair.n.02:despair 1
put.v.02:put 2
pocket.n.09:pocket 1
draw.v.05:pull 1
box.n.07:box 2
confect.v.02:comfit 2
fortunately.r.01:luckily 1
water.n.06:water 1
pass.v.05:hand 8
precisely.r.03:exactly 4
while.n.01:piece 4
read.v.02:say 27
course.n.01:course 3
gravely.r.01:gravely 3
scram.v.01:get 10
pocket.v.01:pocket 2
thimble.n.01:thimble 2
show.v.01:present 3
thimble.n.02:thimble 2
suppose.v.01:saying 3
adoption.n.01:acceptance 1
elegant.s.03:elegant 1
eat_up.v.01:finish 3
short.a.07:short 1
speech.n.04:speech 2
cheer.v.05:cheer 3
whole.a.01:whole 2
absurd.s.02:absurd 2
grave.s.03:grave 1
dare.v.02:dare 5
laugh.n.02:laugh 1
merely.r.01:simply 2
submit.v.06:bow 2
aim.v.01:take 2
looking.s.01:looking 5
grave.s.01:solemn 2
corrode.v.01:eat 6
randomness.n.02:noise 2
confusion.n.05:confusion 2
complain.v.02:complain 1
taste.n.01:taste 1
die.v.01:choke 2
give_birth.v.01:have 8
chuck.v.03:pat 1
binding.n.05:back 4
beg.v.03:beg 2
promise.v.02:promise 2
lend.v.01:add 3
whisper.v.01:whisper 2
sad.s.02:sad 3
narrative.n.01:tale 4
sigh.v.02:sigh 9
front.v.01:looking 3
wonder.v.03:wonder 7
buttocks.n.01:tail 1
call.v.22:call 2
enigmatic.s.01:puzzle 1
speaking.n.01:speaking 2
idea.n.01:idea 6
touch.v.05:meet 2
both.s.01:both 14
law.n.06:law 1
prosecute.v.03:prosecute 1
take.v.24:take 5
denial.n.03:denial 1
trial.n.06:trial 1
morning.n.01:morning 4
cur.n.02:cur 1
trial.n.05:trial 1
jury.n.02:jury 4
judge.v.05:judge 4
waste.v.10:wasting 2
hint.n.01:breath 1
cunning.s.01:cunning 1
previous.s.01:old 3
solid.s.15:whole 1
sentence.v.01:condemn 1
death.n.06:death 1
attention.n.01:attending 3
thinking.n.01:thinking 4
meanly.r.04:humbly 2
fifth.n.01:fifth 1
flex.v.04:bend 2
angrily.r.01:angrily 9
knot.n.02:knot 1
let.v.01:let 1
serve.v.05:help 8
untie.v.02:undo 1
walk.n.01:walking 3
insult.n.02:insult 1
mean.v.01:mean 7
plead.v.04:plead 2
exist.v.01:are 13
well.r.03:easily 3
grumble.v.03:growl 2
answer.n.01:reply 3
finish.n.08:finish 1
report.n.03:story 3
join.v.03:join 3
stimulate.v.03:shook 7
impatiently.r.01:impatiently 5
quick.s.04:quick 1
compassion.n.02:pity 2
daughter.n.01:daughter 1
suffer.v.11:lose 2
temper.n.04:temper 4
tongue.v.02:tongue 3
young.n.04:young 2
snappishly.r.01:snappishly 1
patience.n.01:patience 1
oyster.n.03:oyster 1
cover.v.05:address 2
cipher.n.04:nobody 5
particular.s.06:particular 1
bring.v.04:fetch 1
back.v.06:back 2
venture.v.01:venture 4
constantly.r.02:always 4
positron_emission_tomography.n.01:pet 1
wish.n.04:wish 3
address.n.03:speech 1
noteworthy.s.02:remarkable 1
sensation.n.04:sensation 1
travel_rapidly.v.01:hurry 4
old.s.07:old 2
wrapping.n.01:wrapping 1
cautiously.r.01:carefully 3
note.v.01:remark 12
scram.v.01:getting 5
suit.n.06:suit 1
throat.n.04:throat 1
call.v.25:call 1
bed.v.02:bed 1
versatile.s.01:various 1
pretext.n.01:pretext 1
move.v.02:move 4
left_field.n.01:left 9
alone.s.04:alone 2
mention.v.01:mention 2
tonicity.n.01:tone 2
good.s.16:best 1
lonely.s.04:lonely 2
enlivened.s.02:spirit 1
however.r.01:however 2
footstep.n.02:footstep 1
up.a.01:up 8
hope.v.01:hope 1
exchange.v.01:change 1
orgasm.n.01:coming 4
finish.v.06:finish 2
story.n.02:story 2
trot.v.03:trot 1
look.n.02:looking 14
function.v.01:go 3
confused.s.03:lost 2
whisker.n.02:whiskers 1
run.v.19:execute 6
certain.a.02:sure 1
ferret_out.v.01:ferret 1
ferret.v.02:ferret 1
sink.v.01:drop 2
guess.v.02:guess 2
fan.n.01:fan 3
hunt.v.04:hunting 1
nowhere.r.01:nowhere 2
get.v.03:have 4
swim.v.04:swim 1
pool.n.09:pool 1
vanished.s.01:vanish 1
wholly.r.01:completely 1
hunt.n.08:hunting 1
call.v.21:call 1
perform.v.01:do 1
fetch.v.02:fetch 1
fan.v.01:fan 1
cost.v.01:wa 10
run.v.01:run 2
guidance.n.01:direction 2
steer.v.01:point 1
explain.v.02:explain 4
err.v.01:mistake 3
maid.n.01:housemaid 1
tend.v.01:run 3
witness.v.02:find 1
out.v.03:out 4
exist.v.01:am 1
well.a.01:better 2
accept.v.08:take 5
fan.n.03:fan 2
toilet.n.02:can 1
neat.s.06:neat 1
brass_section.n.01:brass 1
plate.n.05:plate 1
scratch.v.07:engrave 1
belong.v.03:go 4
knock.n.01:knocking 3
hurried.a.01:hurry 4
upstairs.r.02:upstairs 1
reverence.v.01:fear 4
fifty.s.01:l 1
real.n.02:real 1
turn.v.22:turn 4
fagot.n.01:queer 1
run_low.v.01:going 1
message.v.01:message 1
station.v.01:sending 1
message.v.03:message 1
begin.v.08:begin 22
visualize.v.01:fancy 2
directly.r.04:directly 1
moment.n.01:minute 5
nurse.v.01:nurse 1
see.v.01:see 4
stop.n.08:stop 1
regulate.v.02:ordering 1
like.v.04:like 3
way.n.12:way 2
adenine.n.01:a 2
kempt.s.01:tidy 1
room.n.04:room 11
window.n.07:window 1
hop.v.06:hope 2
resist.v.04:stand 2
label.n.03:label 1
however.r.01:nevertheless 1
uncork.v.02:uncork 1
sass.n.01:lip 1
matter_to.v.01:interest 4
drink_in.v.01:drink 3
just.a.01:just 5
bottle.n.03:bottle 1
department_of_energy.n.01:doe 2
promise.n.02:hope 2
grow.v.04:grow 3
ask.v.04:expect 1
intoxicated.s.02:drunk 1
press.v.11:pressing 1
ceiling.n.02:ceiling 1
stoop.v.05:stoop 1
save.v.02:save 1
neck.n.03:neck 1
break.v.52:break 1
cost.v.01:be 12
toast.v.02:drunk 1
floor.n.04:floor 1
hour.n.04:minute 3
effect.n.04:effect 3
gloomy.s.02:down 1
elbow.n.01:elbow 1
sleeve.n.01:arm 15
curl.v.05:curl 1
promontory.n.01:head 3
turn.v.07:growing 2
last.v.01:last 6
resource.n.02:resource 1
out.s.03:out 3
window.n.01:window 1
lamp_chimney.n.01:chimney 6
toilet.n.01:can 2
any.s.01:whatever 2
become.v.04:become 7
magic_trick.n.01:magic 1
full.v.01:full 3
uncomfortable.a.02:uncomfortable 3
probability.n.01:chance 3
perplex.v.01:getting 2
felt.v.02:felt 2
unhappy.s.03:unhappy 2
pleasant.s.02:pleasant 1
home.r.01:home 1
one.s.01:one 6
mature.v.01:growing 2
little.s.03:smaller 1
coherent.a.01:order 2
rabbit.v.01:rabbit 2
so_far.r.01:yet 6
biography.n.01:life 4
use.v.04:use 5
read.n.01:read 2
fairy.n.01:fairy 1
fancy.v.02:fancy 1
kind.a.01:kind 3
middle.n.03:middle 2
book.n.01:book 1
spell.v.03:write 7
turn.v.07:grow 4
write.v.10:write 1
least.r.01:least 7
up.r.04:up 2
comfort.n.07:comfort 1
way.n.06:way 3
woman.n.01:woman 1
like.v.05:like 5
foolish.a.01:foolish 1
lesson.n.04:lesson 2
board.v.02:room 2
remove.v.01:taking 3
reach.v.07:making 2
minutes.n.01:minutes 2
outside.s.06:outside 3
stop.v.01:stop 1
sprinkle.v.03:patter 1
step.n.04:stairs 1
tremble.v.01:tremble 3
till.v.01:till 16
shook.n.01:shook 1
house.n.01:house 1
forget.v.04:forget 2
times.n.01:times 3
rationality.n.01:reason 4
overt.a.01:open 1
inward.r.01:inwards 1
elbow.n.05:elbow 1
press.v.11:press 2
try.v.01:attempt 1
raise.v.15:prove 1
failure.n.07:failure 1
windowpane.n.01:window 3
waiting.s.01:waiting 3
just.r.06:just 13
window.n.02:window 3
hand.n.13:hand 2
made.a.02:make 3
kidnapping.n.01:snatch 2
hold.v.22:hold 2
shriek.v.01:shriek 6
crash.v.11:crash 2
break.v.20:break 1
reason.v.01:conclude 2
just.r.03:just 3
possible.n.01:possible 1
cucumber.n.01:cucumber 1
skeletal_system.n.01:frame 1
angry.s.02:angry 2
hear.v.04:hear 1
apple.n.02:apple 2
respect.v.02:honour 3
help.v.01:help 1
broken.s.11:break 1
pronounce.v.02:pronounce 1
goose.v.01:goose 2
see.v.01:saw 3
size.n.02:size 1
occupy.v.03:fill 2
perform.v.01:doe 2
bring.v.04:get 1
business.n.01:business 2
muteness.n.02:silence 3
honor.v.03:honour 1
coward.n.02:coward 1
strait.n.01:sound 4
fracture.v.06:break 1
cucumber.n.02:cucumber 1
frame.n.06:frame 1
pull.v.04:pulling 1
want.v.05:want 2
long.a.05:longer 1
hearing.n.01:hearing 2
grumbling.s.01:rumbling 1
cartwheel.n.02:cartwheel 1
together.r.04:together 6
run.n.13:ladder 1
bring.v.10:bring 2
here.r.04:here 1
cub.n.02:lad 1
em.n.02:em 3
tie.v.09:tie 1
together.s.01:together 3
particular.n.03:particular 1
catch.v.04:catch 1
rope.v.02:rope 1
roof.n.01:roof 1
bear.v.06:bear 1
unleash.v.03:loose 1
slate.v.03:slate 2
downstairs.r.01:below 3
forte.a.01:loud 5
crash.v.07:crash 1
dominate.v.03:master 2
receive.v.01:ha 1
topographic_point.n.01:place 2
softwood.n.01:deal 3
fireplace.n.01:fireplace 1
kick.v.04:kick 2
string.v.01:drew 1
army_for_the_liberation_of_rwanda.n.01:far 4
scratch.v.02:scratching 1
clamber.v.01:scramble 1
about.r.03:about 2
close.v.10:close 5
above.s.01:above 2
move_over.v.01:give 1
shrill.s.01:sharp 2
recoil.n.01:kick 1
wait.v.01:wait 3
general.n.01:general 2
confusion.n.04:confusion 2
mind.n.01:head 5
gag.v.06:choke 1
old.a.02:old 1
mate.n.06:fellow 3
feeble.s.04:feeble 2
whine.v.03:squeak 3
thank.v.01:thank 2
better.r.01:better 2
flustered.s.01:fluster 1
box.n.03:box 4
sky.n.01:sky 5
rocket.v.01:rocket 1
companion.n.01:fellow 2
burn.v.08:burn 1
typeset.v.01:set 1
dead.s.13:dead 1
instantaneously.r.01:instantly 5
smell.v.05:sense 2
minute.n.01:minute 8
barrow.n.01:barrowful 2
begin.v.04:begin 1
doubt.n.02:doubt 2
shower.v.03:shower 1
pebble.n.01:pebble 2
rattle.n.01:rattling 1
hit.n.07:hit 1
stop_consonant.n.01:stop 2
shouted.s.01:shout 7
good.s.20:better 1
produce.v.06:produce 1
dead.s.17:dead 1
silence.v.02:silence 5
surprise.n.03:surprise 3
turning.n.06:turning 4
put.v.01:lay 1
floor.n.07:floor 1
theme.n.03:idea 4
come.v.13:come 2
change.n.09:change 1
make.v.42:make 2
large.a.01:larger 1
make.v.15:make 1
think.v.02:suppose 10
swallow.v.01:swallow 1
please.v.01:delight 2
immediately.r.01:directly 1
through.r.03:through 1
run.v.30:run 1
held.a.01:hold 1
guinea_fowl.n.01:guinea 6
pig_bed.n.01:pig 12
giving.n.03:giving 1
haste.n.02:rush 1
appear.v.07:appear 1
run.v.11:run 3
hard.s.11:hard 4
safe.n.02:safe 1
thickly.r.03:thick 1
forest.n.01:wood 3
weave.v.04:wander 2
grow.v.08:grow 5
outdo.v.02:best 1
plan.v.03:plan 3
voice.v.02:sound 3
excellent.s.01:excellent 2
doubt.v.02:doubt 2
arranged.s.03:arrange 1
trouble.n.04:difficulty 2
peer.v.01:peer 1
tree.v.03:tree 7
sharp.a.09:sharp 2
bark.v.03:bark 2
head.n.28:head 6
enormous.s.01:enormous 1
puppy.n.02:puppy 5
eye.v.01:eyes 3
feebly.r.02:feebly 1
unfold.v.03:stretching 1
one.n.02:one 1
paw.v.02:paw 1
try.v.08:try 1
touch.v.08:touch 1
coaxing.s.01:coaxing 1
whistle.n.04:whistle 1
terribly.r.02:terribly 1
hungry.a.01:hungry 3
subject.n.06:case 1
malice.n.01:spite 1
wheedle.v.01:coaxing 1
knowing.n.01:knowing 1
pick.v.10:pick 2
restrain.v.03:hold 2
out.s.06:out 4
jumpstart.v.01:jump 2
vent.v.02:air 1
yip.n.01:yelp 1
joy.n.02:delight 2
rush.v.05:rush 1
name.v.03:make 5
believe.v.04:believe 2
worry.n.02:worry 1
dodge.v.02:dodge 1
thistle.n.01:thistle 2
prevent.v.02:keep 2
over.r.04:over 1
appear.v.05:appear 3
rush.n.04:rush 1
stick.v.08:stick 1
tumble.v.11:tumble 1
heel.v.02:heel 1
induce.v.02:get 6
think.v.03:thinking 3
play.v.15:play 1
cart.n.01:cart 1
knight.n.02:horse 1
tread.v.02:trample 1
round.s.03:round 3
then.n.01:then 1
puppy.n.01:puppy 2
begin.v.05:begin 5
series.n.07:series 1
shortstop.n.02:short 3
charge.n.15:charge 1
track.n.11:running 5
forward.r.01:forward 1
each.s.01:each 5
bark.v.04:bark 1
hoarsely.r.01:hoarsely 1
pant.v.02:panting 1
tongue.n.06:tongue 1
suspension.n.06:hanging 1
mouth.n.03:mouth 1
closed.a.04:shut 1
make.v.19:making 1
get_off.v.05:escape 2
breath.n.01:breath 2
sound.v.01:sound 1
faint.v.01:faint 1
so_far.r.03:yet 1
tend.v.01:lean 1
buttercup.n.01:buttercup 1
rest.v.03:rest 4
leave.v.11:leaf 2
teaching.n.02:teaching 1
whoremaster.n.01:trick 1
much.r.02:much 3
blade.n.09:blade 1
grass.v.03:grass 4
right.n.02:right 8
under.r.01:under 2
fortune.n.04:circumstances 1
mushroom.n.04:mushroom 8
stature.n.02:height 5
under.r.04:under 6
top.v.07:top 1
stretch.v.04:stretch 2
tiptoe.s.01:tiptoe 2
edge.n.06:edge 2
immediately.r.03:immediately 1
meet.v.11:meet 1
large.r.01:large 8
caterpillar.n.02:caterpillar 1
seated.a.01:sitting 4
along.r.01:on 8
top.v.05:top 1
sleeve.n.01:arms 5
fold.v.01:fold 1
quietly.r.03:quietly 2
smoke.n.07:smoking 1
hookah.n.01:hookah 5
pickings.n.01:taking 1
look.v.09:look 4
mouth.n.02:mouth 3
address.v.10:address 1
dreamy.s.02:languid 1
promote.v.01:encourage 4
orifice.n.01:opening 1
shyly.r.01:shyly 1
present.v.12:present 2
mean.n.01:mean 2
sternly.r.01:sternly 1
intelligibly.r.01:clearly 1
different.a.01:different 2
confuse.v.02:confuse 3
chrysalis.n.01:chrysalis 1
butterfly.v.01:butterfly 1
feel.v.07:feelings 1
whitethorn.n.01:may 7
know.v.10:know 5
contemptuously.r.01:contemptuously 2
back.s.02:back 5
beginning.n.05:beginning 1
irritate.v.03:irritate 1
remark.n.02:remark 6
withdraw.v.09:drew 1
think.v.12:think 1
state.n.06:state 1
take_care.v.02:mind 3
promising.s.01:promise 1
turn.v.18:turn 4
temper.v.03:temper 1
immerse.v.03:swallow 1
wrath.n.02:anger 2
tell.v.02:tell 3
worth.n.02:worth 2
listening.n.01:hearing 2
puff.v.07:puff 1
unfold.v.04:unfold 1
remember.v.05:remember 2
keep.v.20:keep 2
ten.n.01:ten 2
hour.n.04:minutes 1
fold.v.05:fold 1
pass.v.05:hands 8
young.n.09:young 1
world.n.08:man 1
hair's-breadth.n.01:hair 1
whiten.v.01:white 2
endlessly.r.02:incessantly 1
stand.v.06:stand 5
head.n.11:head 2
age.n.03:age 2
youth.n.06:youth 6
son.n.02:son 1
hurt.v.05:injure 1
brain.n.05:brain 1
perfectly.r.02:perfectly 3
none.n.02:none 2
note.v.01:mention 1
most.r.02:most 1
uncommonly.r.01:uncommonly 1
fatty.a.01:fat 1
turn.v.01:turn 2
somersault.v.01:somersault 2
reason.n.02:reason 2
sage.s.02:sage 1
grey.s.03:grey 1
unbroken.a.04:keep 2
limb.n.05:limb 1
supple.v.01:supple 1
use.n.07:use 3
cream.n.03:ointment 1
ugandan_shilling.n.01:shilling 2
sell.v.05:sell 1
pair.v.01:couple 1
jaw.n.02:jaw 1
watery.s.04:weak 1
tough.a.07:tough 1
suet.n.01:suet 1
bones.n.01:bones 1
peck.v.01:beak 1
cope.v.01:manage 2
church_father.n.01:father 1
jurisprudence.n.01:law 1
argue.v.03:argue 2
encase.v.01:case 1
wife.n.01:wife 1
mesomorphic.a.01:muscular 1
persuasiveness.n.01:strength 1
give.v.01:give 1
jaw.n.03:jaw 1
eye.n.02:eye 1
brace.v.02:steady 1
balance.v.02:balance 1
eel.n.01:eel 3
end.v.03:end 4
nose.n.02:nose 4
terribly.r.02:awfully 1
clever.s.03:clever 2
question.n.03:question 2
founder.n.02:father 1
render.v.04:give 2
vent.v.02:airs 1
stuff.n.05:stuff 2
shyly.r.01:timidly 9
interpolate.v.02:alter 1
wrong.n.01:wrong 1
beginning.n.02:beginning 3
decidedly.r.01:decidedly 4
moment.n.02:minutes 1
megabyte.n.02:m 4
particular.s.01:particular 1
only.r.07:only 1
do.v.08:doe 1
often.r.03:often 4
contradict.v.01:contradict 1
liveliness.n.02:life 2
felt.v.03:felt 1
contentedness.n.01:content 1
bigger.s.01:larger 1
mind.n.06:mind 1
miserable.s.05:wretched 2
raising.n.02:rearing 1
upright.n.01:upright 1
talk.v.02:spoke 7
used.a.01:use 2
plead.v.03:plead 1
hapless.s.01:piteous 1
wish.v.04:wish 1
mouth.v.03:mouth 5
smoke.v.01:smoking 1
patiently.r.01:patiently 2
choose.v.03:choose 3
take.v.09:take 1
mouth.n.08:mouth 2
yawn.v.01:yawn 2
crawl.v.01:crawl 1
merely.r.01:merely 2
tall.s.03:tall 2
unretentive.a.01:short 2
side.n.06:side 2
necessitate.v.01:ask 10
view.n.03:sight 6
thoughtfully.r.01:thoughtfully 2
form.v.02:make 2
absolutely.r.01:perfectly 1
unmanageable.a.02:difficult 2
violate.v.01:break 3
off.s.02:off 2
bite.v.03:bit 2
edge.v.04:edge 1
nibble.v.03:nibble 4
hand.n.05:hand 1
fierce.s.02:violent 2
waste.v.01:blow 1
underneath.r.02:underneath 1
chin.v.01:chin 5
strike.v.13:strike 1
variety.n.06:change 2
bit.n.05:bit 3
closely.r.03:closely 1
open.v.01:open 2
swallow.n.03:swallow 1
morsel.n.02:morsel 1
point.n.20:head 1
free.a.02:free 1
alarm_clock.n.01:alarm 2
found.n.01:found 3
huge.s.01:immense 1
length.n.05:length 1
rise.v.13:rise 1
stalk.v.03:stalk 1
greens.n.01:green 2
leave.n.01:leaf 2
lay.v.04:lay 1
far.s.03:far 4
green.v.01:green 1
moving.a.03:move 1
result.v.03:result 1
pursue.v.02:follow 2
shake.v.08:shaking 1
distant.a.01:distant 1
green.n.06:green 1
serpent.n.02:serpent 3
merely.r.01:just 4
succeed.v.01:succeed 1
wind.v.02:curve 1
elegant.s.02:graceful 1
zigzag.r.01:zigzag 1
move.v.15:going 2
prima_donna.n.02:dive 1
leave.v.03:leaf 1
corner.v.02:tree 1
meandering.s.01:wandering 1
hiss.v.03:hiss 1
draw.n.08:draw 1
haste.n.02:hurry 3
pigeon.n.01:pigeon 1
vanish.v.05:fly 2
pulsate.v.02:beating 1
wings.n.02:wings 1
yell.v.02:scream 5
serpent.n.03:serpent 2
indignantly.r.01:indignantly 4
repeat.v.04:repeat 4
more.a.01:more 1
hushed.s.01:subdue 1
add.v.01:add 6
shortness_of_breath.n.01:sob 2
suit.v.01:suit 1
root.n.08:roots 1
tree.n.03:tree 2
depository_financial_institution.n.01:banks 1
snake.n.01:serpent 4
please.v.01:pleasing 1
there.r.02:there 2
hatch.v.01:hatching 1
testis.n.01:eggs 3
wink.n.02:wink 1
sleep.n.03:sleep 1
workweek.n.01:week 4
regretful.a.01:sorry 1
annoyed.s.01:annoy 1
begin.v.07:beginning 3
think_of.v.04:meaning 3
take.v.29:take 3
wood.n.06:wood 3
raise.v.24:raising 1
free.v.07:free 2
want.v.02:need 3
writhe.v.01:wriggle 1
fabricate.v.02:invent 1
doubtfully.r.01:doubtfully 2
number.n.10:number 1
change.v.10:change 3
likely.a.01:likely 1
narrative.n.01:story 2
deep.a.03:deep 1
contempt.n.04:contempt 1
neck.n.04:neck 1
traverse.v.03:deny 6
tell.v.02:telling 1
taste.v.06:taste 3
egg.v.02:egg 1
smack.v.03:taste 1
egg.v.01:eggs 2
truthful.s.02:truthful 1
little.r.01:little 1
kind.n.01:kind 3
quite.r.01:quite 4
silent.s.05:silent 7
yield.v.01:give 8
be.v.08:are 4
matter.n.04:matter 1
find.v.01:happen 2
sensitive.s.04:raw 1
settled.a.02:settle 1
nest.v.04:nest 1
crouch.v.01:crouch 1
tree.v.02:tree 1
entangled.s.03:entangle 1
ramify.v.02:branch 2
untwist.v.01:untwist 1
reserve.v.04:hold 2
patch.v.01:piece 4
nibble.v.01:nibble 1
succeed.v.02:succeed 2
institute.v.02:bringing 2
size.n.01:size 1
foreign.a.02:strange 2
plan.v.01:plan 1
die.v.01:going 4
beautiful.a.01:beautiful 4
place.v.06:place 1
house.n.12:house 1
live.v.02:life 1
frighten.v.02:frighten 1
wits.n.01:wits 1
bring.v.03:bring 1
look.v.03:looking 1
footman.n.01:footman 4
delivery.n.04:livery 2
wood.n.08:wood 1
see.v.05:consider 1
otherwise.s.01:otherwise 4
judgment.n.04:judging 1
call.v.09:call 1
fish.n.02:fish 2
tap.v.07:rap 1
loudly.r.01:loudly 1
knuckle.v.01:knuckles 1
livery.n.01:livery 1
frog.n.01:frog 1
noticed.a.01:notice 3
powderize.v.02:powder 1
curled.s.01:curl 1
feel.v.05:felt 2
produce.v.02:produce 1
letter.n.05:letter 1
earnest.s.01:solemn 1
invitation.n.01:invitation 2
play.v.12:play 1
croquet.n.01:croquet 3
order.n.15:order 1
gambling.n.01:play 1
low.a.05:low 1
curl.n.02:curl 1
entangled.s.02:entangle 1
laugh.v.01:laugh 2
ground.v.07:ground 4
star.v.02:stare 3
stupidly.r.01:stupidly 1
knock.v.01:knock 1
consumption.n.03:use 1
american_samoa.n.01:as 3
second.r.01:secondly 2
take.v.27:making 1
make_noise.v.01:noise 2
inside.s.02:inside 1
most.a.02:most 7
extraordinary.s.03:extraordinary 2
inside.r.02:within 2
constant.n.02:constant 1
roar.v.06:howling 3
sneeze.n.01:sneezing 3
crash.v.02:crash 1
dish.n.01:dish 1
kettle.n.04:kettle 1
be.v.12:am 2
sense.n.02:sense 1
between.r.02:between 5
exemplify.v.02:instance 2
knock.v.06:knock 1
permit.v.01:let 2
uncivil.a.01:uncivil 1
about.r.07:nearly 4
top.v.03:top 4
answer.v.03:answer 4
tomorrow.r.01:tomorrow 1
plate.n.14:plate 3
skimming.n.03:skimming 1
question.n.02:head 2
graze.v.02:graze 1
nose.v.04:nose 4
break.v.05:break 1
possibly.r.01:maybe 1
same.s.04:same 1
precisely.r.02:exactly 1
dreadful.s.03:dreadful 2
murmur.v.02:mutter 2
tug.v.02:drive 1
crazy.s.05:crazy 1
reprise.v.01:repeating 1
comment.v.01:remark 4
magnetic_declination.n.01:variation 1
day.n.04:days 2
equal.v.01:am 2
whistling.n.02:whistling 1
desperately.r.02:desperately 1
imbecile.s.01:idiotic 1
conduct.v.02:led 1
right.n.01:right 3
kitchen.n.01:kitchen 4
fully.r.01:full 3
smoke.v.01:smoke 1
sitting.n.02:sitting 2
stool.v.03:stool 1
nursing.n.02:nursing 3
baby.n.02:baby 6
fudge.v.01:cook 8
tilt.n.04:leaning 1
fire.n.04:fire 1
stirring.n.01:stirring 1
caldron.n.01:cauldron 2
soup.n.02:soup 4
pepper.v.01:pepper 5
sneeze.v.01:sneezing 3
besides.r.02:too 1
sneeze.v.01:sneeze 3
occasionally.r.01:occasionally 1
baby.n.05:baby 3
alternately.r.01:alternately 1
pause.n.01:pause 2
only.r.04:only 3
sneeze.n.01:sneeze 2
cook.n.02:cook 4
hearth.n.03:hearth 1
grin.v.01:grinning 1
manner.n.01:manners 1
smile.n.01:grin 5
ferocity.n.01:violence 1
baby.n.07:baby 4
courage.n.01:courage 3
constantly.r.01:always 3
spirit.n.02:feeling 2
spirit.n.02:tone 1
introduce.v.07:introduce 1
subject.n.06:subject 1
repair.n.01:fix 1
off.r.03:off 3
fire.n.05:fire 1
work.v.19:work 1
throw.v.06:throw 1
strive.v.02:reach 1
fire.n.07:fire 1
iron.n.01:irons 1
follow.v.18:follow 3
shower.n.04:shower 1
saucepan.n.01:saucepan 2
plate.n.12:plate 1
dish.n.05:dish 1
hit.v.16:hit 1
already.r.01:already 2
impossible.a.01:impossible 1
reverse.n.03:blow 1
injury.n.01:hurt 1
be.v.12:are 3
cry.v.04:cry 3
jumping.n.01:jumping 1
agony.n.02:agony 1
panic.n.01:terror 1
unusually.r.01:unusually 1
carry.v.37:carry 1
occupation.n.01:business 2
growl.n.01:growl 3
world.n.06:world 3
fast.a.02:fast 2
advantage.v.01:advantage 1
glad.s.02:glad 1
contract.v.04:get 1
show.v.01:showing 1
off.s.04:off 3
night.n.01:night 1
take.v.20:take 2
twenty_dollar_bill.n.01:twenty 1
hour.n.04:hours 2
turn.v.19:turn 3
bloc.n.01:axis 1
axis.n.05:ax 1
chop.n.01:chop 1
glance.v.01:glance 1
think_of.v.04:mean 2
touch.n.06:hint 1
busily.r.01:busily 4
stirring.s.02:stirring 1
hours.n.02:hours 1
twelve.s.01:twelve 2
trouble_oneself.v.01:bother 1
digest.v.03:abide 1
number.n.01:figure 3
singing.n.01:singing 2
lullaby.n.02:lullaby 1
giving.n.01:giving 1
shake.v.09:shake 1
line.v.01:line 2
approximately.r.01:roughly 1
boy.n.02:boy 2
pulse.n.02:beat 4
annoy.v.01:annoy 1
tease.v.09:tease 1
wow.v.01:wow 4
sing.v.02:sang 1
second_gear.n.01:second 1
verse.v.01:verse 7
sung.n.01:song 6
toss.v.06:toss 2
roar.v.06:howl 1
thoroughly.r.02:thoroughly 2
love.v.02:enjoy 1
supplication.n.02:plea 1
nurse.n.01:nurse 1
bite.v.01:bit 1
splurge.v.01:fling 2
ready.s.04:ready 1
playing_period.n.01:play 3
frying.n.01:frying 1
pan.v.02:pan 1
run.v.03:go 3
neglect.v.01:miss 1
get.v.19:catch 1
difficulty.n.03:difficulty 2
shaped.s.01:shape 3
weapon.n.01:arms 1
leg.n.02:legs 1
steering.n.02:direction 5
star.v.02:star 1
snort.v.02:snorting 1
steam.v.06:steam 1
locomotive.n.01:engine 1
overtake.v.01:catch 2
sustain.v.04:keep 3
doubling.n.02:doubling 1
tidy.v.01:straighten 1
proper.s.03:proper 1
wrench.v.01:twist 1
knot.v.02:knot 1
keep.v.21:keep 1
tight.s.06:tight 1
retain.v.03:hold 1
ear.n.04:ear 5
leave.v.03:left 1
prevent.v.02:prevent 1
untie.v.02:undoing 1
post.v.07:carry 1
unfold.v.04:open 2
take.v.08:take 1
kill.v.15:kill 1
day.n.03:day 1
murder.v.01:murder 2
leave.v.02:leave 3
behind.r.01:behind 2
loudly.r.01:loud 2
grunt.v.01:grunt 5
proper.s.02:proper 2
carry.v.04:express 1
baby.n.01:baby 1
topic.n.02:matter 6
have.v.12:have 2
snout.n.01:snout 1
real.a.02:real 1
besides.r.02:also 2
receive.v.02:getting 1
highly.r.01:extremely 2
sob.v.01:sobbing 3
badly.r.01:seriously 1
sob.v.01:sob 3
beginning.s.01:beginning 1
down.r.03:down 2
be.v.03:wa 2
neither.s.01:neither 2
lupus_erythematosus.n.01:le 1
carry.v.34:carry 1
promote.v.01:further 2
still.v.03:relieve 1
trotskyite.n.01:trot 1
softly.r.01:quietly 2
woodwind.n.01:wood 1
stool.v.04:make 3
dreadfully.r.01:dreadfully 5
ugly.a.01:ugly 2
fine-looking.s.01:handsome 1
think.v.13:thinking 1
know.v.11:know 2
hog.n.01:pig 2
say.v.09:saying 1
startled.s.01:startle 1
visual_perception.n.01:seeing 1
bough.n.01:bough 1
yard.n.08:yard 1
long.a.01:long 1
hook.n.04:claw 1
dentition.n.02:teeth 1
so.r.01:so 4
process.v.01:treat 2
respect.v.02:respect 1
list.v.01:name 1
wide.a.01:wide 1
pleased.s.02:please 4
please.v.01:please 2
depend.v.01:depend 1
deal.v.09:deal 1
add.v.06:add 1
explanation.n.03:explanation 2
walk.n.06:walk 1
tested.s.02:try 1
populate.v.01:live 1
wave.n.05:waving 2
roll.v.11:waving 3
huffy.s.02:mad 12
fall.v.04:come 1
think.v.06:think 1
testify.v.02:prove 1
dog.n.01:dog 1
brainsick.s.01:mad 1
grant.n.08:grant 1
wag.v.01:wag 2
tail.n.01:tail 1
call.v.28:call 2
whizz.v.01:purr 1
growling.n.01:growling 1
croquet.v.01:croquet 3
receive.v.05:invite 1
vanish.v.05:vanish 3
happen.v.02:happening 1
place.v.12:place 3
look.v.02:appear 2
restfully.r.01:quietly 1
back.v.10:back 5
appear.v.06:appear 2
walk.v.06:walk 2
hatmaker.n.01:hatter 2
concern.v.02:interest 1
raving.r.01:raving 2
least.a.01:least 2
sitting.n.04:sitting 2
outgrowth.n.01:branch 1
tree.v.04:tree 2
say.v.10:say 4
libyan_islamic_fighting_group.n.01:fig 1
look.v.02:appearing 1
vanishing.n.02:vanishing 1
dizzy.s.01:giddy 2
ending.n.01:ending 1
time.v.04:time 1
remember.v.01:thought 1
saw.v.01:saw 3
further.s.01:farther 1
chimney.n.01:chimney 1
thatch.v.01:thatch 1
raise.v.23:raise 1
even.v.03:even 4
walk.v.01:walk 1
rather.r.01:instead 3
table.n.01:table 1
front.n.03:front 1
tea.n.04:tea 2
fast.r.01:fast 1
asleep.r.02:asleep 6
use.v.06:using 2
shock_absorber.n.01:cushion 2
rest.v.08:rest 1
elbow.v.01:elbow 1
crowd.v.03:crowd 1
corner.n.11:corner 1
president.n.04:chair 1
wine.v.02:wine 2
table.n.03:table 3
civil.a.04:civil 2
be.v.05:being 1
tempt.v.03:invite 1
laid.s.01:lay 2
three.s.01:three 1
hair.n.04:hair 1
cut.n.17:cutting 1
personal.s.02:personal 1
remark.n.01:remark 4
severity.n.04:severity 1
uncivil.a.01:rude 1
eyes.n.01:eyes 2
wide.s.07:wide 2
raven.n.01:raven 2
writing.n.04:writing 4
desk.n.01:desk 2
playfulness.n.02:fun 3
request.n.02:asking 2
riddle.v.05:riddle 2
total.v.02:add 14
buttocks.n.01:can 2
answer.n.04:answer 2
thing.n.07:thing 1
sleep.n.01:sleep 3
rest.v.02:breathe 2
sleep.n.02:sleep 2
breathe.v.03:breathe 1
ride.v.01:sat 3
writing.n.02:writing 1
unwrap.v.02:break 2
calendar_month.n.01:month 2
lookout.n.01:watch 3
pocket.n.04:pocket 1
anxiously.r.01:uneasily 2
shaking.n.01:shaking 2
retain.v.03:holding 1
consider.v.09:consider 1
fourthly.r.01:fourth 1
day.n.05:days 1
faulty.s.02:wrong 2
tell.v.07:tell 3
suit.n.03:suit 1
works.n.04:works 1
meekly.r.01:meekly 2
crumb.v.03:crumb 4
rumble.v.01:grumble 1
bread.v.01:bread 4
knife.v.01:knife 1
watch.v.05:watch 3
gloomily.r.01:gloomily 1
dipped.s.01:dip 1
cup.v.01:cup 2
tea.n.03:tea 3
better.a.01:better 1
butter.n.02:butter 2
shoulder.n.04:shoulder 4
vigil.n.02:watch 1
clock.v.01:clock 5
year.n.02:year 1
readily.r.01:readily 1
stay.v.01:stays 1
year.n.03:year 1
meaning.s.01:meaning 2
pour.v.04:pour 1
hot.s.21:hot 2
shake.v.01:shook 1
survive.v.01:going 1
think.v.02:guess 2
riddle.v.06:riddle 1
yet.r.01:yet 7
turn.v.06:turning 4
little.a.02:slight 1
tiredly.r.01:wearily 1
better.a.02:better 4
waste.v.04:waste 1
conservatively.r.01:cautiously 3
music.n.05:music 2
explanation.n.01:account 1
stand.v.12:stand 4
beating.n.02:beating 1
term.v.01:terms 1
barely.r.01:just 2
rustle.n.01:whisper 2
hint.v.01:hint 1
blink_of_an_eye.n.01:twinkling 3
time.v.02:time 1
thoughtfully.r.02:thoughtfully 2
support.n.06:keep 1
one-half.n.01:half 1
liked.a.01:like 1
mournfully.r.01:mournfully 1
quarrel.v.01:quarrel 4
spoon.v.01:spoon 2
concert.v.02:concert 1
yield.v.01:given 1
sing.v.03:sing 2
twinkle.v.02:twinkle 6
cost.v.01:are 1
worldly_concern.n.01:world 1
fly.v.13:fly 1
tray.n.01:tray 1
emergency.n.01:pinch 1
stop.v.05:stop 2
chute.v.01:jump 1
bawl.v.01:bawl 1
proclaim.v.02:exclaim 6
move.v.15:go 4
mournful.s.01:mournful 1
six.s.01:six 1
come.v.15:come 1
reason.n.06:reason 3
wash.v.09:wash 2
restrain.v.01:keep 1
travel.v.01:move 2
then.r.01:so 2
happen.v.01:happen 1
begin.v.05:beginning 3
interrupt.v.02:interrupt 6
yawning.s.02:yawning 2
vote.n.04:vote 1
lady.n.03:lady 3
u.n.03:us 1
dismay.v.02:alarm 1
proposal.n.03:proposal 1
adenoidal.s.02:pinch 1
lento.r.01:slowly 1
asleep.a.01:asleep 1
word.n.07:word 5
please.v.03:please 4
quick.n.01:quick 1
sister.n.01:sister 1
list.v.01:names 2
live.v.02:live 4
bottom.v.02:bottom 3
interest.n.06:interest 1
feed.v.06:eating 1
drink.n.02:drinking 1
treacle.n.02:treacle 2
ill.s.05:ill 2
ways.n.01:ways 1
populate.v.01:living 1
slowly.r.01:easy 1
public_opinion.n.01:opinion 1
making.n.03:making 1
personal.s.04:personal 1
triumphantly.r.01:triumphantly 2
bread.n.01:bread 3
treacle.n.01:treacle 3
sulkily.r.01:sulkily 2
civil.s.01:civil 1
interrupt.v.04:interrupt 2
accept.v.03:consent 1
teach.v.01:learning 2
draw.v.23:draw 1
withdraw.v.09:draw 1
houseclean.v.01:clean 1
motion.n.06:move 1
target.v.01:place 1
moved.a.01:move 2
put.v.01:place 1
unwillingly.r.01:unwillingly 1
any.s.01:any 3
advantage.n.01:advantage 2
away.r.01:off 3
upset.v.01:upset 3
milk.v.03:milk 1
jug.n.02:jug 1
pique.v.01:offend 1
hook.n.06:draw 1
draw.v.07:draw 2
dazed.s.01:stupid 2
well.r.07:well 1
well.r.12:well 1
solution.n.02:answer 1
draw.n.07:draw 1
rubbing.n.02:rubbing 2
draw.v.32:drew 3
manner.n.02:manner 1
closed.s.06:close 2
move.v.13:going 1
be.v.01:being 1
pinch.v.05:pinch 1
wake_up.v.02:wake 1
ambush.n.01:trap 1
moonlight.n.01:moon 1
memory.n.05:memory 1
muchness.n.01:muchness 3
thing.n.11:things 1
draft.n.11:drawing 1
man.n.10:piece 1
discourtesy.n.02:rudeness 1
yield.v.10:bear 1
disgust.v.02:disgust 1
departure.n.01:going 1
rear.n.05:back 1
twice.r.01:twice 2
call.v.07:call 1
stopping_point.n.01:last 1
teapot.n.01:teapot 1
rate.n.04:rate 1
tree.n.02:tree 2
leadership.n.01:leading 1
think.v.13:thought 1
today.r.02:today 1
well.a.01:well 2
hall.n.09:hall 1
postpone.v.01:table 1
better.v.02:better 1
unlock.v.01:unlock 1
work.v.12:work 1
walk.v.08:walk 1
bed.n.07:bed 1
cool.s.06:cool 1
rose.n.01:rose 4
entrance.n.03:entrance 1
gardener.n.02:gardener 8
paint.v.03:painting 2
come.v.03:come 2
splash.v.05:splashing 1
paint.v.04:paint 1
square_up.v.02:jog 1
elbow.v.02:elbow 1
lie.v.04:lay 1
blame.v.01:blame 1
yesterday.r.02:yesterday 2
merited.a.01:deserve 1
decapitate.v.01:behead 3
spoken.a.01:speak 1
none.n.01:none 2
commercial_enterprise.n.02:business 2
delivery.n.01:bringing 1
tulip.n.01:tulip 1
solution.n.04:roots 1
onion.n.01:onion 1
brush.n.08:brush 1
unjust.a.02:unjust 1
eye.n.03:eye 1
find.v.01:chance 1
watch.v.06:watching 1
check.v.14:check 1
bowed.a.01:bow 1
rise.v.02:rose 1
snub.n.02:cut 1
flat.n.06:flat 1
face.n.08:face 1
sound.v.04:sound 2
footfall.n.01:footstep 1
tidal_bore.n.01:eager 3
soldier.v.01:soldier 7
transport.v.02:carry 1
golf_club.n.02:club 1
oblong.s.01:oblong 1
flat.s.04:flat 1
corner.v.01:corner 1
courtier.n.01:courtier 2
ornament.v.02:ornament 2
diamond.n.01:diamond 1
royal.s.03:royal 1
startle.v.02:jumping 2
happily.r.01:merrily 1
handwriting.n.01:hand 5
couple.n.05:couple 1
heart.n.07:hearts 1
node.n.08:guest 2
largely.r.01:mostly 2
spot.v.02:recognise 1
manner.n.03:manner 1
smile.v.01:smiling 1
move.v.13:go 1
trace.v.01:follow 1
carry.v.05:carry 1
crown.n.11:crown 1
red.s.01:crimson 2
velvet.s.02:velvet 1
progress.n.02:procession 5
doubtful.s.01:doubtful 1
lie.v.06:lie 2
principle.n.04:rule 2
besides.r.02:besides 3
procession.n.02:procession 1
still.a.04:still 4
antonym.n.01:opposite 1
bow.v.03:bow 1
smile.v.02:smile 3
reply.n.02:reply 2
flip.v.01:toss 1
name.v.05:name 4
are.n.01:are 1
pack.v.13:pack 3
card.n.03:cards 1
face.n.01:face 1
radiation_pattern.n.01:pattern 1
pillow.v.01:rest 1
throng.v.01:pack 1
tell.v.05:tell 1
soldier.n.02:soldier 4
fury.n.01:fury 1
glower.v.01:glare 1
head.v.08:head 3
forte.r.01:loudly 2
turn.v.20:turn 1
shrill.s.01:shrill 1
leap.v.02:jump 1
submit.v.06:bowing 1
royal.n.01:royal 1
scream.v.03:scream 1
shuffle.n.01:make 5
surface.v.01:rose 1
humble.s.01:humble 1
stifle.n.01:knee 5
rundle.n.01:spoke 1
meanwhile.r.02:meanwhile 1
test.v.01:examine 2
execute.v.07:execute 2
unfortunate.n.01:unfortunate 1
protective_covering.n.01:protection 1
flower.n.01:flower 1
toilet.n.02:pot 1
minute.s.02:minute 2
march.v.06:march 1
question.n.02:question 1
obviously.r.01:evidently 1
mean.v.07:mean 3
thunder.v.02:roar 1
very_well.r.02:fine 2
walk.v.04:walking 1
peep.v.05:peep 1
raise.v.24:raise 1
whispered.s.01:whisper 5
performance.n.03:execution 3
commiseration.n.01:pity 1
boxed.s.02:box 1
laughter.n.02:laughter 1
hush.v.05:hush 1
come.v.06:come 1
recently.r.01:late 2
shout.v.01:shout 2
thunder.n.02:thunder 1
however.r.04:however 2
settle.v.07:settle 1
ground.v.11:ground 2
life.n.06:life 3
ridge.v.04:ridge 1
wrinkle.n.01:furrow 1
testis.n.01:ball 1
live.s.07:live 1
porcupine.n.01:hedgehog 9
mallet.n.01:mallet 1
flamingo.n.01:flamingo 7
doubly.r.01:double 1
arch.n.04:arch 3
head.n.04:chief 1
difficulty.n.02:difficulty 1
find.v.15:found 1
manage.v.02:manage 1
soundbox.n.01:body 1
tucked.a.01:tuck 3
well.r.12:comfortably 1
under.s.02:under 1
hang.v.14:hanging 1
fair.a.01:just 1
straighten.v.03:straighten 1
give.n.01:give 1
float.v.01:blow 1
head.n.01:head 2
twist.n.11:twist 1
perplex.v.01:puzzle 2
saying.n.01:expression 1
explode.v.02:burst 1
laughing.s.01:laugh 1
provoke.v.03:provoke 1
unwind.v.01:unroll 2
act.n.01:act 1
crawl.v.01:crawling 1
ridge.v.05:ridge 1
furrow.v.01:furrow 1
air.v.03:send 1
double.s.03:double 1
function.n.03:parts 1
player.n.01:player 1
play.v.26:play 1
turn.v.23:turn 1
crusade.v.01:fighting 1
ferocious.s.01:furious 1
passion.n.07:passion 2
stamp.v.06:stamp 2
yelling.n.01:shouting 1
moment.n.02:minute 1
find.v.05:feel 1
uneasy.s.05:uneasy 1
dispute.n.02:dispute 1
decapitate.v.01:beheading 1
people.n.01:people 1
animated.a.01:alive 3
escape.n.07:escape 1
draw.v.15:get 1
appearance.n.06:appearance 1
watch.v.05:watching 1
talk.v.01:speak 1
nod.v.02:nod 1
one.s.05:one 3
report.v.01:account 1
person.n.01:someone 1
play.v.16:play 1
fairly.r.02:fairly 1
complaining.a.01:complain 1
rule.v.07:rule 1
particular.s.04:particular 1
serve.v.10:attend 2
be.v.11:be 1
example.n.01:instance 1
arch.n.02:arch 2
through.r.01:through 1
function.v.01:run 1
mine.v.02:mine 2
total.v.01:coming 1
win.v.01:win 1
coating.n.02:finishing 1
die.v.01:pass 2
mine.n.02:mine 2
let.v.01:allow 1
insert.v.02:introduce 1
snog.v.01:kiss 2
extraneous.s.01:impertinent 1
get.v.25:get 1
king.n.09:king 1
remove.v.05:remove 1
passing.s.03:passing 1
take_out.v.01:remove 1
alone.s.03:only 1
subside.v.03:settling 1
look.v.09:looking 1
fetch.n.01:fetch 2
executioner.n.01:executioner 6
yell.v.02:screaming 1
player.n.04:player 2
lost.s.06:miss 1
confusion.n.03:confusion 1
turn.n.06:turn 1
search.n.03:search 1
prosecute.v.03:engage 1
contend.v.06:fight 1
see.n.01:see 1
helpless.s.01:helpless 1
tent-fly.n.01:fly 1
bring.v.04:bring 1
fight.v.02:fight 1
hedgehog.n.02:hedgehog 1
supporter.n.01:friend 2
crowd.n.01:crowd 2
roll_up.v.02:collect 2
quarrel.v.01:dispute 1
appear.v.04:appear 2
invoke.v.02:appeal 1
all.s.02:all 1
settle.v.16:settle 1
motion.n.05:question 1
argument.n.05:argument 2
cut.n.06:cut 2
body.v.01:body 1
nonsense.n.01:nonsense 1
argument.n.06:argument 1
less.a.01:le 1
last.a.02:last 1
grave.n.02:grave 2
anxious.s.02:anxious 3
better.v.03:better 2
prison.n.02:prison 1
arrow.n.02:arrow 1
languish.v.03:fading 1
wholly.r.01:entirely 1
melt.v.06:disappear 1
wildly.r.03:wildly 1
party.n.02:party 1
erstwhile.s.01:old 2
dearly.r.03:affectionately 1
pleasant.a.01:pleasant 1
hopeful.a.01:hopeful 1
well.r.13:well 1
cause.v.01:make 1
tempered.a.02:temper 2
vinegar.n.01:vinegar 1
sour.v.02:sour 1
chamomile.n.01:camomile 1
bitter.v.01:bitter 1
barley.n.02:barley 1
sugar.v.01:sugar 2
construct.v.01:make 1
fresh.s.09:sweet 1
stingy.a.01:stingy 1
startle.v.01:startle 1
moral.n.01:moral 7
induce.v.02:ha 2
tsk.v.01:tut 1
squash.v.01:squeeze 1
closer.n.02:closer 1
retention.n.01:keeping 2
uncomfortably.r.01:uncomfortably 1
crude.s.04:rude 1
bear.v.06:bore 1
game.n.10:game 1
titanium.n.01:ti 2
love.n.04:love 1
love.v.03:love 1
mind.v.01:mind 1
business.n.07:business 1
mean.n.01:means 1
sharp.a.08:sharp 1
care.n.01:care 3
take.n.02:take 2
find.v.13:finding 1
moral.n.01:morals 1
waist.n.01:waist 1
doubtful.s.03:doubtful 1
experiment.n.02:experiment 2
sting.v.02:bite 1
mustard.n.02:mustard 3
bite.n.08:bite 1
feather.n.01:feather 1
cluster.v.01:flock 1
mineral.n.01:mineral 1
class.n.02:course 3
agree.v.02:agree 1
mine.v.01:mine 2
less.r.01:le 1
final.s.03:last 1
vegetable.n.02:vegetable 1
agree.v.07:agree 1
moral.a.01:moral 1
simply.r.03:simply 1
imagine.v.01:imagine 1
tone.v.05:tone 1
long.s.09:longer 1
bum.s.01:cheap 1
give.v.08:give 3
birthday.n.02:birthday 1
venture.n.03:venture 1
dig.n.05:dig 1
sharp.n.02:sharp 1
tactile_property.n.01:feel 1
worry.v.06:worry 1
fly.v.10:fly 1
surprise.n.01:surprise 2
die.v.08:die 1
even.r.04:even 1
favorite.s.01:favourite 1
connect.v.03:link 1
stand.v.10:stand 1
movement.n.04:front 1
pen_up.v.01:fold 1
thunderstorm.n.01:thunderstorm 1
fallible.s.02:weak 1
fairly.r.03:fair 1
warning.n.03:warning 1
ground.n.05:ground 1
head.v.07:head 1
option.n.02:choice 2
password.n.01:word 2
follow.v.10:follow 1
guest.n.03:guest 1
absence.n.04:absence 1
shade.v.02:shade 1
visualize.v.01:saw 3
delay.n.02:delay 1
price.n.03:cost 1
playing.n.01:playing 1
exclaim.v.01:shouting 1
head.v.04:head 2
take.v.27:take 1
custody.n.02:custody 1
leave.v.03:leave 1
hour.n.04:hour 1
left.a.04:left 2
player.n.05:player 1
hands.n.01:custody 1
tied.s.05:even 2
ship's_company.n.01:company 1
sunlight.n.01:sun 2
video.n.01:picture 1
lazy.s.01:lazy 1
young.n.08:young 2
execution.n.04:execution 1
regulate.v.02:order 1
walk.v.07:walk 1
leave.v.11:leaving 1
safe.n.01:safe 1
rub.v.03:rub 1
watch.v.02:watch 1
chuckle.v.01:chuckle 1
illusion.n.02:fancy 2
ordered.a.01:order 1
bygone.s.01:go 1
outdistance.v.01:distance 1
ledge.n.01:ledge 1
rock_'n'_roll.n.01:rock 1
kernel.n.03:heart 1
feel_for.v.01:pity 1
sadness.n.02:sorrow 1
grief.n.02:sorrow 1
large.r.02:large 1
trench.n.02:deep 4
hollow.s.02:hollow 1
speak.v.05:speak 2
end.v.01:finish 1
finish_up.v.02:finish 1
veridical.s.01:real 1
password.n.01:words 1
take_after.v.02:follow 3
periodic.s.02:occasional 1
exclamation.n.02:exclamation 1
ceaseless.s.01:constant 1
heavy.a.03:heavy 1
sir.n.01:sir 1
sit.v.07:sat 1
sedately.r.01:calmly 1
school.n.05:school 4
master.n.09:master 2
ally.v.01:ally 1
sink.v.02:sink 1
ocean.n.02:sea 2
believe.v.01:believe 1
interrupted.s.01:interrupt 1
education.n.04:education 1
school.v.01:school 2
need.v.03:need 1
proud.a.01:proud 2
supernumerary.n.02:extra 2
music.n.02:music 1
wash.v.09:washing 1
truly.r.01:really 2
relief.n.11:relief 1
bill.n.07:bill 1
animation.n.01:living 1
bottom.n.04:bottom 1
afford.v.04:afford 1
regular.n.02:regular 1
wonder.v.01:inquire 1
different.s.02:different 2
upraised.s.01:lift 1
uglify.v.01:uglify 2
deck.v.01:beautify 1
pretty.s.02:pretty 1
simpleton.n.01:simpleton 1
feel.v.05:feel 1
count.v.06:counting 1
subject.n.08:subject 1
flapper.n.01:flapper 2
ancient.s.01:ancient 1
modern.n.02:modern 1
conger.n.01:conger 1
show.n.01:show 1
stiffly.r.01:stiff 1
crab.v.03:crab 1
sigh.v.01:sigh 3
shroud.v.01:hide 1
hour.n.01:hours 1
nine.n.01:nine 1
reason.n.03:reason 1
subside.v.01:lessen 1
eleventh.s.01:eleventh 1
vacation.v.01:holiday 1
twelfth.s.01:twelfth 1
interrupt.v.01:interrupt 3
plot.n.01:game 1
choke.v.01:choke 1
cram.v.03:bone 1
throat.n.03:throat 1
punch.v.01:punch 1
recover.v.01:recover 2
impudence.n.01:cheek 1
may.n.01:may 5
know.v.05:live 1
even.r.03:even 1
precede.v.05:introduce 1
lobster.n.01:lobster 2
discipline.v.01:check 1
delightful.s.01:delightful 2
dancing.n.01:dance 1
phase.n.02:form 1
trace.v.02:line 1
turtle.n.02:turtle 2
salmon.n.03:salmon 1
clear.v.23:clear 1
jelly.n.03:jelly 1
advance.v.10:advance 1
partner.v.02:partner 1
promote.v.01:advance 2
spouse.n.01:partner 1
change.v.06:change 1
lobster.n.02:lobster 7
retire.v.04:retire 1
order.v.06:order 1
tie.v.01:bound 1
far.r.05:far 1
caper.v.01:caper 1
wildly.r.02:wildly 1
yell.v.02:yell 1
land.v.02:land 1
figure.n.11:figure 1
jump.v.08:jumping 1
harebrained.s.01:mad 1
sit_down.v.01:sat 1
reasonably.r.01:pretty 1
dance.v.02:dance 10
let.v.02:let 1
whistle.v.05:sing 2
sing.v.02:sing 1
dance.v.03:dancing 1
tread.v.03:tread 2
toe.v.01:toe 3
forepaw.n.01:forepaw 1
mark.n.08:mark 1
american_ginseng.n.01:sang 1
firm.s.10:fast 2
whiting.n.06:whiting 8
escargot.n.01:snail 3
porpoise.n.01:porpoise 4
tail.n.05:tail 2
shingle.n.03:shingle 1
articulation.n.02:join 2
dance.v.03:dance 2
union.n.08:join 7
bring.v.01:take 1
uracil.n.01:us 3
throw.n.01:throw 1
askance.r.02:askance 1
kindly.s.02:kindly 2
scaly.s.02:scaly 1
side.n.10:side 1
pale.v.01:pale 1
beloved.n.01:beloved 1
last.n.08:last 1
frequently.r.01:often 1
see.v.10:check 1
tail.n.05:tails 2
mouth.n.01:mouth 1
close.v.01:shut 1
thrown.s.01:throw 1
fall.n.10:fall 1
tail.n.06:tails 1
talk.v.02:mouth 1
visit.v.03:call 1
boot.v.02:boot 1
shoe.n.01:shoes 2
perennial.s.03:repeat 1
glazed.a.03:shiny 1
shoe_polish.n.01:blacking 1
believe.v.05:believe 2
make.v.48:make 2
shrimp.v.01:shrimp 1
still.v.03:still 1
oblige.v.02:oblige 2
wise.n.01:wise 1
anywhere.r.01:anywhere 1
travel.v.02:journey 1
determination.n.02:purpose 1
lashkar-e-taiba.n.01:let 1
gamble.v.01:adventure 3
venture.v.03:adventure 1
unlike.a.01:different 1
first.n.01:first 1
impatient.s.02:impatient 1
explanation.n.01:explanation 1
telling.n.02:telling 1
each.r.01:each 2
eye.n.02:eyes 2
mouth.n.05:mouth 1
gain.v.08:gain 1
hearer.n.01:listener 1
silence.n.02:quiet 1
contribution.n.01:part 1
repetition.n.02:repeating 2
breath.n.05:breath 1
attempt.n.01:try 1
authority.n.02:authority 1
order.n.14:order 1
state.v.01:saying 1
broil.v.02:bake 1
duck.n.03:duck 1
eyelid.n.01:eyelid 1
belt_out.v.01:belt 1
button.v.02:button 1
turn.n.12:turn 1
late.a.05:later 2
version.n.02:edition 2
littoral.n.01:sands 1
homosexual.n.01:gay 1
pipit.n.01:lark 1
contemptuous.s.01:contemptuous 1
tide.v.03:tide 1
upgrade.n.04:rise 1
shark.v.01:shark 1
about.r.03:around 2
voice.n.03:voice 1
hour_angle.n.02:ha 1
quavering.s.01:tremulous 1
rare.s.05:uncommon 1
prevail.v.03:persist 2
status.n.01:position 1
dancing.n.01:dancing 1
dismally.r.02:dreadfully 1
subject.s.03:subject 1
legislate.v.01:pass 2
disobey.v.01:disobey 1
wrong.a.05:wrong 1
scar.v.01:mark 2
communion.n.02:sharing 1
proto-indo_european.n.01:pie 3
crust.v.01:crust 1
gravy.n.01:gravy 1
meat.n.01:meat 1
dish.n.03:dish 2
share.v.04:share 1
blessing.n.02:boon 1
let.v.01:permit 1
standard.a.04:receive 1
pitchfork.v.01:fork 1
feast.v.02:banquet 1
material.n.01:stuff 1
birdcall.n.01:song 1
accountancy.n.01:accounting 1
old.s.03:old 1
rich_people.n.01:rich 1
tureen.n.01:tureen 1
dainty.n.01:dainty 1
stoup.n.02:stoop 1
evening.n.03:evening 5
e.n.05:e 6
beautiful.s.02:beautiful 4
care.v.02:care 1
fish.v.02:fish 1
smasher.n.02:dish 1
cry.n.02:cry 1
trial.n.04:trial 8
cry.v.07:cry 1
pant.v.01:pant 1
answer.v.09:answer 1
quicker.r.01:fast 1
faintly.r.01:faintly 1
carry.v.26:carry 1
cinch.n.01:breeze 1
seated.a.01:seat 1
throne.n.03:throne 1
arrive.v.02:arrive 1
whole.n.02:whole 1
tease.v.07:cards 1
standing.a.04:standing 1
chain.n.01:chains 1
guard.n.05:guard 1
dear.s.02:near 1
cornet.n.01:trumpet 1
scroll.v.01:scroll 2
parchment.n.02:parchment 2
middle.a.03:middle 1
court.n.06:court 5
dish.v.02:dish 1
refreshment.n.02:refreshment 1
spend.v.01:pass 1
court.n.09:court 5
judge.n.01:justice 1
understand.v.03:read 1
wig.n.01:wig 2
wear.v.06:wear 1
crown.n.01:crown 1
frontispiece.n.02:frontispiece 1
comfortable.s.05:comfortable 1
becoming.s.02:become 1
jury.n.01:jury 18
juror.n.01:juror 5
survive.v.01:last 2
rightly.r.01:rightly 1
mean.v.05:meaning 1
world.n.08:men 1
slate.v.02:slate 6
indignant.s.01:indignant 1
end.v.01:stop 1
spectacle.n.02:spectacles 3
round.v.02:round 1
spell.v.03:spell 1
neighbor.v.02:neighbour 2
muddle.v.01:muddle 1
slate.n.03:slate 1
pencil.n.04:pencil 3
claim.v.05:taking 1
away.r.07:away 1
cursorily.r.01:quickly 1
hunt.v.01:hunting 1
oblige.v.03:oblige 1
set.v.04:mark 1
read.v.05:read 4
accusation.n.01:accusation 1
blow.v.18:blow 2
blast.v.03:blast 2
trumpet.v.02:trumpet 2
summer.v.01:summer 2
stole.n.01:stole 1
verdict.n.01:verdict 4
witness.v.01:witness 10
teacup.n.01:teacup 4
forgiveness.n.02:pardon 1
transport.v.04:sent 2
write.v.08:write 2
date.v.01:date 1
deoxidize.v.01:reduce 1
penny.n.01:penny 1
hat.v.02:hat 1
memo.n.01:memorandum 1
sell.n.01:sell 1
fidget.v.01:fidget 1
evidence.n.03:evidence 3
spot.n.11:spot 1
shift.n.05:shifting 1
spot.n.10:bit 1
sense.n.03:sensation 1
begin.v.10:beginning 1
court.n.08:court 4
decide.v.03:decide 1
pinch.v.01:squeeze 1
sitting.s.02:sitting 1
boldly.r.01:boldly 1
fair.s.02:reasonable 1
pace.v.02:pace 1
pathetic.s.03:ridiculous 1
fashion.n.03:fashion 2
cross.v.05:cross 1
cross.v.04:cross 2
officer.n.04:officer 1
list.v.01:list 3
singer.n.03:singer 2
concert.n.01:concert 1
serviceman.n.01:man 2
above.r.02:above 1
butter.n.01:butter 1
thin.a.01:thin 1
twinkling.s.01:twinkling 1
begin.n.01:begin 1
sharply.r.02:sharply 1
assume.v.03:take 1
dunce.n.01:dunce 1
leave.v.04:leave 1
part.n.01:part 1
flying.s.02:fast 1
asleep.s.03:asleep 1
continue.v.06:continue 1
miserable.s.05:miserable 1
spend.v.02:drop 1
valet.n.01:man 1
speaker.n.03:speaker 1
immediately.r.02:immediately 2
suppress.v.05:suppress 4
officeholder.n.01:officer 1
sail.n.01:canvas 1
cup_of_tea.n.01:bag 1
tied.s.05:tie 1
string.v.07:strings 1
slip.v.09:slip 1
newspaper.n.03:newspaper 1
attack.n.05:attempt 1
applause.n.01:applause 1
military_officer.n.01:officer 3
lower_berth.n.01:lower 1
floor.n.10:floor 1
slob.n.01:pig 1
reading.n.08:reading 1
carry.v.29:carry 1
pepper.n.03:pepper 1
multitude.n.03:people 1
testify.v.02:evidence 2
probe.v.01:examine 1
fold.n.07:folding 1
sight.v.02:sight 1
voice.n.06:voice 1
shrieked.a.01:shriek 1
court.n.03:court 1
court.v.03:court 1
settle.v.15:settle 1
cook.v.03:cook 1
vanish.v.04:disappear 1
stand-in.n.01:relief 1
undertone.n.02:undertone 2
hurt.v.06:ache 1
grope.v.01:fumble 1
feel.v.13:feeling 1
shrill.s.03:shrill 3
flurry.v.01:flurry 1
startle.v.02:jump 1
tip.v.03:tip 1
skirt.n.01:skirt 1
juror.n.01:juryman 4
lay.s.02:lay 1
sprawl.v.02:sprawling 1
remind.v.01:remind 1
globe.n.03:globe 1
goldfish.n.01:goldfish 2
unintentionally.r.01:accidentally 1
tone.n.10:tone 3
discouragement.n.01:dismay 1
picking.n.02:picking 1
quickly.r.01:quickly 1
accident.n.02:accident 2
undefined.a.01:vague 1
die.v.07:die 1
vehemence.n.01:emphasis 1
haste.n.02:haste 1
down.r.01:downwards 1
poor.a.04:poor 1
ineffective.s.02:unable 1
trial.n.02:trial 1
electric_shock.n.03:shock 1
upset.v.06:upset 1
slate.n.04:slate 2
work.v.01:work 1
diligently.r.01:diligently 1
demur.v.01:except 1
get_the_best.v.01:overcome 1
gaze.v.01:gaze 1
woo.v.02:court 1
crucial.a.01:important 3
mean.v.05:means 1
respectful.s.02:respectful 1
frown.v.01:frown 1
font.n.01:face 1
mean.v.05:mean 1
unimportant.a.01:unimportant 3
well.r.13:best 1
writing.n.05:writing 1
note.v.04:note 2
koran.n.01:book 3
cackle.v.02:cackle 1
read.v.03:read 1
nautical_mile.n.01:mile 1
regular.s.05:regular 1
rule.n.04:rule 1
invent.v.01:invent 1
precisely.r.01:just 1
evidence.n.01:evidence 1
paper.v.01:paper 1
pluck.v.04:pick 1
letter.n.02:letter 1
write.v.05:write 1
prisoner.n.01:prisoner 2
steer.v.01:direct 1
direct.v.03:direct 1
unfold.v.03:unfold 1
newspaper.n.01:paper 1
letter.v.02:letter 1
verse.n.03:verse 1
handwriting.n.02:handwriting 1
imitate.v.03:imitate 1
test.v.01:prove 1
sign.v.01:sign 1
sign.n.09:sign 1
some.s.02:some 1
mischief.n.01:mischief 1
sign.v.05:sign 1
honest.s.07:honest 1
man.n.10:man 1
applause.n.01:clapping 1
guilt.n.01:guilt 1
prove.v.02:prof 1
period.n.07:stop 1
order.v.01:tell 1
quality.n.03:character 1
push.v.08:push 1
revert.v.01:return 1
chance.v.01:chance 1
matter.n.01:affair 1
trust.n.04:trust 1
set.v.08:set 1
fit.v.04:fit 1
obstacle.n.02:obstacle 1
good.s.20:best 1
secret.s.11:secret 1
sixpence.n.01:sixpence 1
atom.n.01:atom 2
undertake.v.01:attempt 1
save.v.09:save 1
try.v.06:try 1
go_around.v.02:spreading 1
entirely.r.02:entirely 1
cardboard.s.01:cardboard 1
naturally.r.01:course 1
clear.s.09:clear 1
fit.n.03:fit 1
furiously.r.03:furiously 1
throw.v.01:throw 1
inkwell.n.01:inkstand 1
unfortunate.s.03:unfortunate 2
have.v.09:have 1
find.v.01:found 1
immediately.r.01:now 1
ink.v.03:ink 1
trickle.v.01:trickle 1
dead.n.02:dead 1
pun.v.01:pun 1
consider.v.05:consider 1
twentieth.s.01:twentieth 1
purple.v.02:purple 1
grow.v.03:grow 1
pack.v.12:pack 1
menu.n.01:cards 1
get_up.v.02:rose 1
fly.v.10:flying 1
lie.v.05:lying 1
bank.v.07:bank 1
lap.n.03:lap 1
gently.r.02:gently 1
brush.n.08:brushing 1
dead.a.02:dead 1
flutter.v.03:flutter 1
strange.s.02:strange 1
reading.n.03:reading 1
dream.n.05:dream 3
induce.v.02:getting 1
intend.v.01:thinking 1
fantastic.s.02:wonderful 2
pipe_dream.n.01:dream 2
lean.v.04:leaning 1
observation.n.02:watching 1
mise_en_scene.n.01:setting 1
dream.n.01:dreaming 1
dreamed.s.01:dream 1
clasp.v.01:clasp 1
pass.n.15:toss 1
digress.v.01:wandering 1
hair.n.01:hair 1
retentive.a.01:long 1
rustle.v.03:rustle 1
squelch.v.03:splash 1
rattle.n.03:rattle 1
divided.s.03:share 1
termination.n.05:ending 1
meal.n.02:meal 1
rate.v.01:ordering 1
execution.n.05:execution 1
about.r.04:around 1
slate.n.01:slate 1
suffocate.v.04:choking 1
mix.v.05:mix 1
distant.s.05:distant 1
asshole.n.01:sob 1
abject.s.01:miserable 1
half.s.01:half 1
open.s.04:open 1
dull.v.02:dull 1
reality.n.03:reality 1
rustle.n.01:rustling 1
scent.v.02:wind 1
ripple.n.01:rippling 1
reed.n.01:reed 1
rattle.v.02:rattling 1
teacup.n.02:teacup 1
tinkling.s.01:tinkle 1
sheep.n.03:sheep 1
bell.n.04:bell 1
cry.n.05:cry 1
sheepherder.n.01:shepherd 1
boy.n.04:boy 1
clamor.v.02:clamour 1
busy.v.01:busy 1
farm.n.01:farm 1
yard.n.01:yard 1
cattle.n.01:cattle 1
distance.n.03:distance 1
heavy.s.19:heavy 1
woman.n.02:woman 1
ripe.s.04:ripe 1
year.n.03:years 1
simple.a.06:simple 1
loving.a.01:love 1
heart.n.02:heart 1
childhood.n.02:childhood 1
gather.v.07:gather 1
sorrow.n.02:sorrow 1
rule.v.04:find 1
pleasure.n.03:pleasure 1
joy.n.02:joy 1
remember.v.07:remembering 1
happy.s.04:happy 1
days.n.01:days 1
